Tech,n_breaks,AIC,BIC,Intercept,Initial production,Breakpoint 1,Breakpoint 2,Breakpoint 3,Breakpoint 4,Breakpoint 5,Breakpoint 6,Final production,LR 1,LR 2,LR 3,LR 4,LR 5,LR 6,LR 7,Number of observations
Wind_Turbine_2_(Germany),0,-40.384401809038984,-39.25450309411591,3.5084609364681,0.6130071420551685,,,,,,,3.378716165494427,4.901616268960796,,,,,,,13
Wind_Turbine_2_(Germany),1,-39.42316969618269,-37.163372266336545,3.39900249787702,0.6130071420551685,1.3193930469020658,,,,,,3.378716165494427,-2.218704193630816,6.283137402558192,,,,,,13
Wind_Turbine_2_(Germany),2,-54.290298841006546,-50.90060269623733,3.399002497877018,0.6130071420551685,1.723354203665157,2.6226800179704415,,,,,3.378716165494427,-2.2187041936308383,15.478209251886144,-6.664046907132137,,,,,13
Wind_Turbine_2_(Germany),3,-45.819992358367074,-41.30039749867478,3.390455933337099,0.6130071420551685,1.5210845325313078,2.7333241133023236,3.069731457638645,,,,3.378716165494427,-2.9187387341135684,11.576063490625167,-10.117420376475073,-3.4124088659085006,,,,13
Caprolactam,0,-37.9841159938929,-37.188325448296155,2.610308458148298,2.2835744806987583,,,,,,,3.566969967972124,24.61989806049121,,,,,,,11
Fotovoltaica,0,-20.404622763295052,-16.58057675243876,2.0024206326951006,-2.636811563395229,,,,,,,3.780605464740647,29.125396744752397,,,,,,,50
Fotovoltaica,1,-66.16566423549291,-58.517572213780326,1.905950282319938,-2.636811563395229,1.5258212108939562,,,,,,3.780605464740647,35.00123920880205,14.449925884952663,,,,,,50
Fotovoltaica,2,-130.10121534467947,-118.6290773121106,2.56374816600403,-2.636811563395229,-1.1070473997380932,0.4390189493125465,,,,,3.780605464740647,17.393362448502316,49.20351256615895,18.18028600194096,,,,,50
Fotovoltaica,3,-158.3426935567565,-143.04650951333133,2.5123523096900837,-2.636811563395229,-1.0045494531659653,0.2462484308771186,3.12000504740716,,,,3.780605464740647,18.694552961825085,51.879079311635714,20.921506642528897,-4.860085277785853,,,,50
Fotovoltaica,4,-178.18836898876862,-159.06813893448717,2.5844576355252937,-2.636811563395229,-1.2544445117961138,-0.43789283244769234,0.09794346234791641,3.1200050474071572,,,3.780605464740647,16.875441564240646,41.385023579891126,61.95573931583439,20.921506642529984,-4.8600852777844095,,,50
Fotovoltaica,5,-190.42722117553774,-167.48294511039998,2.584457635525295,-2.636811563395229,-1.2544445117961096,-0.40769927817782187,-0.04260822649650721,1.3686892740985712,3.2156364530267085,,3.780605464740647,16.875441564240624,41.38502357989109,66.55649899207432,26.31720705475512,18.68380387336194,-6.607547719735485,,50
Fotovoltaica,6,-188.46529242632312,-161.69697035032908,2.5844576355252897,-2.636811563395229,-1.2544445117961096,-0.40769927817782303,-0.05168582641240524,0.8180443016348135,1.8917132363806077,3.2397047087658923,3.780605464740647,16.87544156424069,41.385023579891,66.55649899207422,27.577570299494848,22.76600015178247,17.751164440896105,-6.6075477197357735,50
Crude_Oil,0,-98.05841179345833,-95.87632688674171,1.5348443189628664,2.0019857758304167,,,,,,,2.1835496633683675,29.915485786583773,,,,,,,22
Photovoltaics_2,0,-57.56229893902833,-54.56928381609537,3.768506648905478,5.880298346279688,,,,,,,9.506588193036043,27.448935001972764,,,,,,,33
Photovoltaics_2,1,-64.12098755046097,-58.13495730459505,3.974917654432319,5.880298346279688,9.08178321995277,,,,,,9.506588193036043,28.830828567710686,-3.9549820079616937,,,,,,33
Photovoltaics_2,2,-107.32048834472926,-98.34144297593038,1.9148078689444452,5.880298346279688,7.118036252362856,8.739873864485409,,,,,9.506588193036043,11.538642135701128,36.523156006128666,7.330531369657711,,,,,33
Photovoltaics_2,3,-116.3580953618594,-104.38603487012756,1.9295139085669413,5.880298346279688,7.176713718592761,8.359895788412349,9.07217834359434,,,,9.506588193036043,11.683174025029286,38.46696870331476,25.82296230913763,-6.889182043781106,,,,33
Onshore_Gas_Pipeline,0,-31.985081415488303,-30.85518270056523,3.4753236147341053,1.5190270600153564,,,,,,,1.776613401326307,16.831832325820205,,,,,,,13
Titanium_Sponge,0,-33.856547319006886,-32.075803803214555,1.9946976398960046,2.8240889861252847,,,,,,,5.135479132337903,22.978831526086374,,,,,,,18
Titanium_Sponge,1,-68.29215063147845,-64.73066359989379,0.829725356844136,2.8240889861252847,3.860760597726076,,,,,,5.135479132337903,1.5768114925514776,33.7422188062875,,,,,,18
Titanium_Sponge,2,-71.5181880401044,-66.17595749272742,0.8297253568441327,2.8240889861252847,3.90098735394948,4.940324125645063,,,,,5.135479132337903,1.5768114925513887,35.575958896272,15.607168608038592,,,,,18
Wind_Electricity,0,-46.91089537432988,-44.72881046761325,2.126585360363224,3.7278706520395737,,,,,,,7.916108381440494,11.345811888178103,,,,,,,22
Wind_Electricity,1,-68.89923885848552,-64.53506904505225,1.8387370764111288,3.7278706520395737,6.754317626554849,,,,,,7.916108381440494,7.389452299697319,23.38557983111681,,,,,,22
Wind_Electricity,2,-69.54273595785085,-62.996481237700955,1.846039218052085,3.7278706520395737,6.918547648986355,7.499235115966066,,,,,7.916108381440494,7.498866472973553,30.0753667282344,12.906114801266888,,,,,22
Milk_(US),0,-180.26271334540422,-175.54929569202503,6.602438865502514,5.81109776828194,,,,,,,7.028241597187251,37.89078441640401,,,,,,,78
Milk_(US),1,-480.70634048832903,-471.27950518157064,3.3003411301278303,5.81109776828194,6.4634486961439315,,,,,,7.028241597187251,10.258338197443418,52.47618061289116,,,,,,78
HydrofluoricAcid,0,-57.19307390442327,-56.39728335882653,1.177090780868527,2.3850895644788612,,,,,,,3.454724621297743,0.7941458874294205,,,,,,,11
HydrofluoricAcid,1,-58.985077215617736,-57.39349612442425,1.3103662950561268,2.3850895644788612,3.0201517780141853,,,,,,3.454724621297743,4.142890036465962,-3.8811642768965315,,,,,,11
Transistor,0,-43.33402328937678,-40.11218746408833,0.7815943560618572,0.5431479942360623,,,,,,,9.755438023037494,43.02564102249898,,,,,,,37
Transistor,1,-56.18505737284568,-49.74138572226878,1.0973441420307215,0.5431479942360623,2.6097329873074995,,,,,,9.755438023037494,49.32345898192438,41.954145789973396,,,,,,37
Transistor,2,-79.2396768505669,-69.57416937470154,1.0555174324904864,0.5431479942360623,3.5108806040392695,7.863581592515066,,,,,9.755438023037494,48.216602494277694,39.66023599316275,48.62929068111317,,,,,37
Transistor,3,-84.11997861886803,-71.23263531771424,1.1141830721715842,0.5431479942360623,2.7328233349770845,7.100795064640795,7.591556985614778,,,,9.755438023037494,49.860158907033025,41.32058043072778,23.560715620508343,49.35432675779493,,,,37
Transistor,4,-80.61989385173615,-64.51071472529391,1.0436412699194126,0.5431479942360623,3.6027926892248487,6.269015271083156,7.010063900283651,7.579000157570052,,,9.755438023037494,47.91040517587266,39.704133683361384,46.03035569253636,20.964606765493055,49.35432675779472,,,37
Transistor,5,-77.98467666164046,-58.65366170990977,1.1355606541873564,0.5431479942360623,1.4236508678238193,3.7510144211408494,6.327607276195064,6.7730192982521755,7.631989665703901,,9.755438023037494,51.06283658808154,46.92819455025506,39.44645741036813,52.25550668787107,27.448914947832982,49.354326757794894,,37
CarbonDisulfide,0,-40.51686509748278,-39.911694911494685,0.8808382404832987,2.964880919887962,,,,,,,3.876086059583858,5.507519516115966,,,,,,,10
Primary_Aluminum,0,-85.26897797908444,-81.94185468682515,0.26275669561028814,2.6877544477235684,,,,,,,4.606324956021417,13.830001611692666,,,,,,,39
Primary_Aluminum,1,-121.69418451395558,-115.03993792943699,0.932939382115668,2.6877544477235684,3.674822968468042,,,,,,4.606324956021417,25.694222198316897,-0.5181153137478356,,,,,,39
Primary_Aluminum,2,-140.24928524820334,-130.26791537142546,0.9871532870467634,2.6877544477235684,3.7557645577743135,4.16196123240237,,,,,4.606324956021417,26.625813638157013,-24.521895244310876,19.021511952958768,,,,,39
Primary_Aluminum,4,-152.68770224079233,-136.05208577949588,-0.4591244977892632,2.6877544477235684,2.974971216870886,3.3184428905597594,3.7576290463474726,4.16196123240237,,,4.606324956021417,-4.191643042808302,38.791664821267425,22.762754961829444,-24.52189524431074,19.021511952958793,,,39
Acrylonitrile,0,-48.78840627234948,-47.51029161311896,2.1915202780766547,2.5303838557017677,,,,,,,3.9451752033255616,19.444070660296685,,,,,,,14
Acrylonitrile,1,-45.197330215028785,-42.64110089656775,2.121552870167231,2.5303838557017677,3.410144795565048,,,,,,3.9451752033255616,18.107003732414118,21.5013471713706,,,,,,14
Photovoltaics_4,0,-64.818515276473,-62.15410625612259,1.8252410023935821,0.3209608969751543,,,,,,,3.2405627071881495,25.05771483494067,,,,,,,28
Photovoltaics_4,1,-119.84802264815966,-114.51920460745885,2.2017790825228856,0.3209608969751543,0.8958757089700466,,,,,,3.2405627071881495,48.706872734663634,21.28166024197453,,,,,,28
Photovoltaics_4,2,-125.85389153447937,-117.86066447342816,2.2398474540558944,0.3209608969751543,0.7661526375958365,1.8933445048385067,,,,,3.2405627071881495,51.698060871575336,24.822757469104882,19.662762789884837,,,,,28
PolyesterFiber,0,-33.71459711454643,-32.584698399623356,3.0139164064521675,2.054367295134734,,,,,,,3.912356834199412,23.31665656121573,,,,,,,13
PolyesterFiber,1,-58.21052195052761,-55.95072452068146,2.2576206651113706,2.054367295134734,2.7239220272954605,,,,,,3.912356834199412,4.991877418512836,29.27911463522692,,,,,,13
PolyesterFiber,2,-55.59439459868892,-52.204698453919704,2.2576206651113657,2.054367295134734,2.743624941484345,3.64516319566299,,,,,3.912356834199412,4.991877418512636,30.379997448554196,24.340812480027484,,,,,13
Geothermal_Electricity,0,-87.1510635973054,-84.63487052126243,3.4095087723354283,6.749824565866473,,,,,,,8.496649985985119,20.300694677778175,,,,,,,26
Geothermal_Electricity,1,-143.4578651875638,-138.42547903547788,2.5573567680084404,6.749824565866473,8.01020549193749,,,,,,8.496649985985119,13.680262012681943,33.52910231698556,,,,,,26
Geothermal_Electricity,2,-156.0375198998692,-148.48894067174032,2.1871689823159524,6.749824565866473,7.559838289953246,8.212726624400299,,,,,8.496649985985119,10.510632445078361,20.653782035223035,38.33391996616188,,,,,26
Solar_Thermal,0,-18.00318884706488,-17.60873969239244,4.35676700616318,1.843819745203394,,,,,,,2.626046905040928,16.394344394417338,,,,,,,9
Cyclohexane,0,-65.20177907170302,-63.535352383590585,1.288201190917384,1.9777825815576695,,,,,,,3.485439313356928,15.044980485143466,,,,,,,17
Cyclohexane,1,-77.30479326169765,-73.97193988547279,1.143743941714252,1.9777825815576695,3.1552626591683515,,,,,,3.485439313356928,11.52696355552395,29.431014449862978,,,,,,17
Cyclohexane,2,-76.4982646994062,-71.49898463506891,0.9489569226401208,1.9777825815576695,2.4705117891104393,3.319446275805114,,,,,3.485439313356928,5.991810641806461,15.452965192818214,36.81557314101045,,,,,17
DRAM,0,2.2714552419056204,5.43849311881784,0.02366500215385123,-2.168832446932043,,,,,,,6.9390449806157095,39.07680694695501,,,,,,,36
DRAM,1,-26.471640818584014,-20.137565064759574,-0.021365510618902434,-2.168832446932043,4.269431846067249,,,,,,6.9390449806157095,35.82250984198424,48.68718265723463,,,,,,36
DRAM,2,-29.896225486606646,-20.395111855869985,-0.020408016186727523,-2.168832446932043,4.471006330502795,4.937598393776089,,,,,6.9390449806157095,35.36815384886415,68.7510509058109,42.297985771663264,,,,,36
DRAM,3,-40.29732581617729,-27.629174308528412,-0.04593190857709115,-2.168832446932043,2.3026169724650427,4.283043871226999,4.937598393776087,,,,6.9390449806157095,37.92151115288832,26.779233939558388,68.75105090581104,42.29798577166337,,,,36
DRAM,4,-38.88437215283447,-23.049182768273376,-0.4131512786080796,-2.168832446932043,-1.1421401901475414,3.7001516512665966,4.267731956776201,4.88932654423797,,,6.9390449806157095,46.70228510495511,35.042882921423754,3.583237866650779,72.57769645862162,42.29798577166341,,,36
DRAM,5,-35.217069704832866,-16.214842443359544,0.19694132207147952,-2.168832446932043,-1.8450648601645752,-1.227557117224369,3.7055687078211843,4.267731956776198,4.889326544237969,,6.9390449806157095,34.430722722688536,51.88428833818809,34.939545823902385,3.583237866650013,72.57769645862156,42.29798577166325,,36
SodiumHydrosulfite,0,-38.16672334539183,-37.77227419071939,1.5727430239993705,1.8741373791721359,,,,,,,2.578456539191699,6.630847532860962,,,,,,,9
EthylAlcohol,0,-54.66079246575096,-53.24469206354654,1.075966039707676,2.9467213439105575,,,,,,,3.670055378360996,6.200050808329294,,,,,,,15
EthylAlcohol,1,-71.07870435575884,-68.24650355135,0.3223388264825345,2.9467213439105575,3.3664532474938276,,,,,,3.670055378360996,-10.69932668083493,23.726768177444068,,,,,,15
Ethanol_2,0,-52.89439457633232,-51.22796788821989,2.670203359234025,1.4359806059181257,,,,,,,2.9489483271477783,18.087520183913973,,,,,,,17
Ethanol_2,1,-72.50928498172624,-69.17643160550138,2.4241207950049244,1.4359806059181257,2.403511002906474,,,,,,2.9489483271477783,10.204754238984059,30.250471446174387,,,,,,17
Monochrome_Television,0,-69.44473206000883,-67.35568718456199,3.2306144812277364,2.4249037501834367,,,,,,,4.103633168569454,18.80019728987875,,,,,,,21
Monochrome_Television,1,-88.31194064631687,-84.13385089542318,2.8515496392807793,2.4249037501834367,3.4092396596407726,,,,,,4.103633168569454,11.074808469031606,26.956138654364082,,,,,,21
Monochrome_Television,2,-92.39795658365283,-86.13082195731229,2.8815488308073145,2.4249037501834367,3.3632081024372145,3.9181897347242045,,,,,4.103633168569454,11.768998079379623,22.823809384951097,39.686397544845654,,,,,21
Polyvinylchloride,0,-46.63691462325444,-44.45482971653781,0.8051521655816565,2.485690702244294,,,,,,,4.266466386437016,23.571431053787062,,,,,,,22
Polyvinylchloride,1,-101.10902686108301,-96.74485704764975,-0.22548130594798774,2.485690702244294,3.301258511300869,,,,,,4.266466386437016,2.5886934147789087,34.495335128637905,,,,,,22
Nuclear_Electricity,0,-42.72831440786342,-40.73684986075544,-4.620083616873173,4.071279266590245,,,,,,,5.0338575376999115,-104.09040499439178,,,,,,,20
Nuclear_Electricity,1,-41.702739693659,-37.719810599443036,-5.1966154008409156,4.071279266590245,4.6629904904058215,,,,,,5.0338575376999115,-123.77038554327746,-72.87837195471457,,,,,,20
PolyethyleneLD,0,-56.665008374785046,-55.248907972580625,2.6986138740929317,2.9845443890474828,,,,,,,4.533373386035311,22.679849010366894,,,,,,,15
PolyethyleneLD,1,-56.17437570806119,-53.34217490365235,2.555163507907296,2.9845443890474828,4.065193697605594,,,,,,4.533373386035311,20.456610759689042,27.992618093776013,,,,,,15
Solar_Thermal_Electricity,0,-13.298949071259898,-13.715430132803789,0.8352592359786768,1.4027714750855362,,,,,,,2.4552708300770836,4.708184761515966,,,,,,,6
Solar_Thermal_Electricity,1,-14.961967939970457,-15.794930063058237,0.49485533708959817,1.4027714750855362,2.0150884525261197,,,,,,2.4552708300770836,-10.127298143841546,23.59357502239061,,,,,,6
Polypropylene,0,-37.806563999915696,-37.41211484524326,-0.04451720532358668,1.4928115977940668,,,,,,,3.3731150557557097,14.165166515769334,,,,,,,9
Polypropylene,1,-35.561145756427734,-34.772247447082854,-0.019473802937486295,1.4928115977940668,3.158283401131821,,,,,,3.3731150557557097,14.868440263688921,3.6539030646117188,,,,,,9
Polypropylene,2,-53.317013714992825,-52.13366625097551,-0.18386711505123346,1.4928115977940668,2.323154240212097,3.043362554852889,,,,,3.3731150557557097,9.397957937184687,20.670451162803772,1.610626605769594,,,,,9
Polypropylene,3,-53.41050239425674,-51.83270577556698,-0.24712647537332255,1.4928115977940668,1.9791576222833192,2.426813681624996,3.043362554852889,,,,3.3731150557557097,6.904499494003868,14.06165720787974,20.67045116280376,1.6106266057695717,,,,9
Laser_Diode,0,-17.230452029104697,-16.260638729528697,3.555480287125348,-0.01240241993529162,,,,,,,3.9243243596789674,21.985403377442047,,,,,,,12
Laser_Diode,1,-25.203731320030087,-23.264104720878088,3.456065735566728,-0.01240241993529162,2.1527570558683906,,,,,,3.9243243596789674,15.094638922725212,29.319184946438735,,,,,,12
Laser_Diode,2,-30.485217400938282,-27.57577750221028,3.456065735566728,-0.01240241993529162,2.4443846251494907,3.3561077687611105,,,,,3.9243243596789674,15.094638922725212,38.32853003610551,12.964952879369896,,,,,12
Laser_Diode,3,-27.1904453837097,-23.311192185405698,3.4560657355667286,-0.01240241993529162,2.4387100982784378,3.290608225711296,3.7134349325425067,,,,3.9243243596789674,15.094638922725256,37.816917028263944,21.84198742747855,-4.218847493575595e-13,,,,12
Trichloroethane,0,-23.842772673342054,-23.950952375231427,1.4187479936683591,2.235034247799735,,,,,,,3.3116064696367618,9.89973191383805,,,,,,,7
Trichloroethane,1,-41.1559985492285,-41.372357953007246,1.1073923616012136,2.235034247799735,2.9618894423014654,,,,,,3.3116064696367618,1.8824371502252246,25.771776221183906,,,,,,7
Electric_Power,0,-124.5294340850767,-121.79484242510375,0.400509131411548,2.609651560610097,,,,,,,4.1591776441939015,19.33973446635273,,,,,,,29
Electric_Power,1,-147.95553279540306,-142.48634947545716,0.8038658254533443,2.609651560610097,3.249976645093975,,,,,,4.1591776441939015,26.511599708713952,15.77173244321135,,,,,,29
Electric_Power,2,-148.7066768065064,-140.50290182658756,0.7820753002948937,2.609651560610097,3.2061099793101437,3.720779486160207,,,,,4.1591776441939015,26.113096336632147,18.47847815422864,12.507249626217643,,,,,29
Magnesium,0,-77.165371447101,-75.27649348876811,1.7366057415737446,2.4553746568410872,,,,,,,3.210679047105061,4.823493143966607,,,,,,,19
Magnesium,1,-107.47256253841661,-103.69480662175084,1.1015169808846537,2.4553746568410872,2.851720126173326,,,,,,3.210679047105061,-12.136482693661899,17.825067725100972,,,,,,19
Shotgun_Sanger_DNA_Sequencing,0,-41.29905524479608,-38.86130359505968,4.365784045388934,7.510554661087867,,,,,,,9.355127402116894,29.225094070001656,,,,,,,25
Pentaerythritol,0,-72.68412820617407,-70.59508333072722,2.5272272470601633,2.2388802637589955,,,,,,,3.186711334700172,23.772967573577308,,,,,,,21
Pentaerythritol,1,-83.5565187611458,-79.3784290102521,2.1039505319282763,2.2388802637589955,2.809762023573886,,,,,,3.186711334700172,14.415107418705864,35.076940363280585,,,,,,21
Ethylene_2,0,-39.00772219205758,-37.877823477134505,1.6219078754163951,3.6264499256521328,,,,,,,5.11444773362905,14.636587175634485,,,,,,,13
Ethylene_2,1,-68.06940092155756,-65.80960349171141,0.8922213117795404,3.6264499256521328,4.495413412185103,,,,,,5.11444773362905,3.376509232742797,26.427893942837667,,,,,,13
Ethylene_2,2,-65.80584267372379,-62.41614652895457,0.866238373794377,3.6264499256521328,4.291117104244583,4.668601185883093,,,,,5.11444773362905,2.9018870296235177,12.794375777018585,29.2030175603491,,,,,13
VinylAcetate,0,-37.3709047860258,-36.241006071102724,2.005848855332309,2.5119212716417287,,,,,,,3.840107875017155,18.544729834198527,,,,,,,13
VinylAcetate,1,-64.88111074251961,-62.621313312673465,1.7083671224579984,2.5119212716417287,3.6174669634441843,,,,,,3.840107875017155,12.716535959599295,52.09555956569978,,,,,,13
CarbonBlack,0,-58.37484798935283,-57.98039883468039,0.9781103540178487,3.211922707582875,,,,,,,4.361440844178008,2.390911850093236,,,,,,,9
CarbonBlack,1,-69.3800126940329,-68.59111438468803,0.9044109643248451,3.211922707582875,4.088647462240184,,,,,,4.361440844178008,0.9920863431009397,7.563918986257168,,,,,,9
Aniline,0,-42.275490873430726,-41.30567757385472,1.7672364015046174,2.2609249080475813,,,,,,,3.4454575514802124,15.211066312796351,,,,,,,12
Aniline,1,-43.290110167032054,-41.350483567880055,1.4150995262671162,2.2609249080475813,2.80848816098208,,,,,,3.4454575514802124,6.7058740409921995,20.43469273544243,,,,,,12
PhthalicAnhydride,0,-36.514012806908205,-34.733269291115874,2.8102496327069417,2.860343394500682,,,,,,,3.9847166962008402,28.549202664590624,,,,,,,18
Capillary_DNA_Sequencing,0,-13.208284537775711,-13.049401454416039,1.3744587107401314,1.0368405273060124,,,,,,,2.245229551568646,37.17283482788199,,,,,,,8
MaleicAnhydride,0,-33.92177708498803,-32.64366242575751,1.9744130699733673,2.074149614366387,,,,,,,3.2848406342612826,18.02533609718193,,,,,,,14
MaleicAnhydride,1,-45.574409882369906,-43.01818056390887,2.5918847761477926,2.074149614366387,2.7627604084205375,,,,,,3.2848406342612826,31.28624385341037,-0.7464892544628121,,,,,,14
Refined_Cane_Sugar,0,-157.2808927397174,-154.2878776167844,-0.688665818554847,2.190598558183,,,,,,,2.7160829056019025,8.574501102475763,,,,,,,33
Paraxylene,0,-35.276838070483436,-34.48104752488669,-0.1648365105287544,2.0010292736828488,,,,,,,3.507213028778306,18.2880755374602,,,,,,,11
Paraxylene,1,-42.85519424348098,-41.2636131522875,-0.5342423535056456,2.0010292736828488,2.74671202657198,,,,,,3.507213028778306,8.971971884340935,25.225188219768878,,,,,,11
Ammonia,0,-22.81067335690947,-21.680774641986396,1.8158330966308291,3.618014271742087,,,,,,,5.075268327921764,19.357366169505163,,,,,,,13
Ammonia,1,-47.72391192174922,-45.464114491903075,0.6355400508721645,3.618014271742087,4.552995530767176,,,,,,5.075268327921764,1.4923263871643777,41.965876859499026,,,,,,13
Ammonia,2,-66.11820182258776,-62.728505677818546,0.6355400508721645,3.618014271742087,4.613713157233031,4.917806511460347,,,,,5.075268327921764,1.4923263871643666,54.466048802585064,4.963732542809717,,,,,13
SCGT,0,-25.044980857285452,-25.461461918829343,3.236917712017765,1.1574338424381236,,,,,,,3.031317789705487,12.390309513091747,,,,,,,6
SCGT,1,-40.68392973672526,-41.51689185981304,3.3088095754601357,1.1574338424381236,2.441557737933817,,,,,,3.031317789705487,15.098492894292793,5.946824432794628,,,,,,6
Automotive_(US),0,-109.28695728156276,-107.01596884970446,3.6193041148457543,3.6754201162275533,,,,,,,4.744371945929841,41.72510754308293,,,,,,,23
Automotive_(US),1,-154.59492232723377,-150.05294546351718,4.216573156566256,3.6754201162275533,4.1961615442303035,,,,,,4.744371945929841,47.50116973902085,37.40172730540684,,,,,,23
VinylChloride,0,-37.531395893510094,-36.73560534791335,1.7917816204678263,3.0111160826208967,,,,,,,4.437638426023182,17.62174832395893,,,,,,,11
VinylChloride,1,-57.15340850181886,-55.561827410625376,1.2730876163709206,3.0111160826208967,3.7985027685100774,,,,,,4.437638426023182,8.466476944882828,26.221314396099892,,,,,,11
Photovoltaics,0,-54.6756687125159,-52.011259692165495,1.4696369788354922,0.8636215653733168,,,,,,,3.378453324040399,19.87584440996628,,,,,,,28
Photovoltaics,1,-97.46467183717891,-92.1358537964781,1.7636144412349628,0.8636215653733168,2.135678253718622,,,,,,3.378453324040399,30.257266508310256,7.168819464229859,,,,,,28
Photovoltaics,2,-98.6198273303246,-90.62660026927338,1.7811226137596643,0.8636215653733168,2.1451874391074393,2.825930159781762,,,,,3.378453324040399,30.94800692430537,2.8483271051628622,14.368887103298988,,,,,28
TitaniumDioxide,0,-37.5963062597024,-37.201857105029966,1.841633411827006,2.7998631924400805,,,,,,,3.7459377280184922,9.096245617381305,,,,,,,9
TitaniumDioxide,1,-49.7382512957152,-48.94935298637032,1.6107351896624584,2.7998631924400805,3.538647186319218,,,,,,3.7459377280184922,4.2992884354738585,28.146560110845876,,,,,,9
Motor_Gasoline,0,-105.63290097367118,-103.45081606695456,0.9217765378566851,1.8956048158076333,,,,,,,2.0364412247823087,48.10755301878833,,,,,,,22
Solar_Water_Heaters,0,-24.962950788806538,-24.357780602818444,-0.242122679220177,1.7006455194827932,,,,,,,3.9751768222663704,-6.776286650401153,,,,,,,10
Solar_Water_Heaters,1,-40.87693645364784,-39.666596081671656,-0.36499239089631463,1.7006455194827932,3.61995637867405,,,,,,3.9751768222663704,-10.708881831487549,24.203325493225215,,,,,,10
Solar_Water_Heaters,2,-36.67810349444149,-34.86259293647721,-0.36295127177071895,1.7006455194827932,3.1629064906572384,3.520000557386358,,,,,3.9751768222663704,-10.610689563193109,-15.262004148555718,18.959875882289058,,,,,10
Wind_Turbine_(Denmark),0,-70.5528056019283,-68.66392764359541,4.218835722090075,0.9752174480080621,,,,,,,3.887023133454698,7.837175873746904,,,,,,,19
Wind_Turbine_(Denmark),1,-87.38461318785133,-83.60685727118556,4.089242007558944,0.9752174480080621,2.318125365847441,,,,,,3.887023133454698,2.443296478694079,11.939097358254402,,,,,,19
Wind_Turbine_(Denmark),2,-92.99311461375075,-87.32648073875211,4.089242007558938,0.9752174480080621,2.492333937019624,3.408469876179828,,,,,3.887023133454698,2.4432964786940903,15.156478183785405,4.886106104610444,,,,,19
Wind_Turbine_(Denmark),3,-88.6319306647718,-81.07641883144028,4.075720025988117,0.9752174480080621,1.85911413120819,2.523063925840337,3.4318289757959666,,,,3.887023133454698,1.66010618621949,4.535382190248571,14.474181492523485,4.886106104612709,,,,19
Sorbitol,0,-48.76751137406327,-48.6086282907036,1.5594574840169098,2.0595614368540254,,,,,,,2.937367155041063,7.29798289305319,,,,,,,8
Styrene,0,-49.27994039210955,-47.86383998990513,2.1311359157822216,3.1696856924223016,,,,,,,4.6143037490966945,18.795240253717516,,,,,,,15
Styrene,1,-71.29286796123168,-68.46066715682284,1.368991894942099,3.1696856924223016,3.8472037387901405,,,,,,4.6143037490966945,5.771766298805748,26.075022545197402,,,,,,15
Aluminum,0,-81.87959485318427,-80.21316816507183,1.6891978033466728,3.4268556637770167,,,,,,,4.647002484694116,4.582755156344065,,,,,,,17
CCGT_Power,0,-35.080582409863204,-33.95068369494013,2.8340986855973416,3.172013698328195,,,,,,,4.927996109798266,1.8049786019992409,,,,,,,13
CCGT_Power,1,-44.10899806830531,-41.849200638459166,2.479608734965549,3.172013698328195,4.42024809703691,,,,,,4.927996109798266,-4.8894274580628005,19.074813218247222,,,,,,13
BisphenolA,0,-52.24357857383035,-50.96546391459983,2.050379552399616,1.9342673761457987,,,,,,,3.18245866579148,17.55012315306077,,,,,,,14
BisphenolA,1,-67.00828222457167,-64.45205290611064,1.856364033733196,1.9342673761457987,2.8586532420472754,,,,,,3.18245866579148,12.668399073379277,33.085982060286625,,,,,,14
EthyleneGlycol,0,-41.25614053688415,-40.12624182196108,1.976161494352382,3.1506466766775714,,,,,,,4.404704476307177,17.454632685981164,,,,,,,13
EthyleneGlycol,1,-64.8661652502866,-62.606367820440454,1.3357623718833573,3.1506466766775714,3.9078258048524654,,,,,,4.404704476307177,6.405385035050493,30.528901578427213,,,,,,13
Methanol,0,-30.760292050993726,-29.215114606514163,1.4905349203809903,2.6168254585171735,,,,,,,3.8423741405058927,19.033603922018216,,,,,,,16
Methanol,1,-50.70121975903221,-47.61086487007309,0.972711113530748,2.6168254585171735,3.6223236221226913,,,,,,3.8423741405058927,8.973979225255668,64.91802790942847,,,,,,16
CCGT_Electricity,0,-66.4230228510697,-65.29312413614663,0.76307684792849,2.030741013606202,,,,,,,3.3623570907340343,4.247707575302928,,,,,,,13
CCGT_Electricity,1,-76.46361777204379,-74.20382034219764,0.6623982373246593,2.030741013606202,2.928238822702802,,,,,,3.3623570907340343,1.4685633150728794,10.94018084299263,,,,,,13
CCGT_Electricity,2,-75.34911109115313,-71.95941494638392,0.7280119810361628,2.030741013606202,2.563959488285097,2.8741471079411864,,,,,3.3623570907340343,3.430846983295943,-2.274175144218127,10.940180842992708,,,,,13
Corn_(US),0,-102.0549724338382,-99.06195731090524,1.7554050173699947,2.9508888636773367,,,,,,,3.98075311739729,14.743309539097726,,,,,,,33
PolyethyleneHD,0,-40.142117070031816,-38.726016667827395,2.197426380840793,1.9814168766876536,,,,,,,4.061938953062663,17.52196889870613,,,,,,,15
PolyethyleneHD,1,-66.67570672258351,-63.84350591817467,1.6082142531882302,1.9814168766876536,2.8238308263098313,,,,,,4.061938953062663,2.401113809962574,24.12183283071855,,,,,,15
PolyethyleneHD,2,-72.11573991610712,-67.86743870949385,1.6082142531882302,1.9814168766876536,2.768799489833854,3.8497431523599817,,,,,4.061938953062663,2.401113809962563,22.006808825534762,37.280451523314525,,,,,15
PolyethyleneHD,3,-82.82987576752745,-77.16547415870977,1.6082142531882302,1.9814168766876536,2.866292476608806,3.250497639192839,3.81731225900207,,,,4.061938953062663,2.401113809962474,29.711503616455047,18.088423105077634,38.13908034159691,,,,15
Hard_Disk_Drive,0,-19.089757755301314,-17.200879796968433,4.514382779789617,3.135616361610583,,,,,,,8.23791446740471,50.05940707299486,,,,,,,19
Hard_Disk_Drive,1,-19.12267669755016,-15.344920780884397,4.59554405778664,3.135616361610583,7.907230635397611,,,,,,8.23791446740471,50.64228971531355,10.590841929254458,,,,,,19
Hard_Disk_Drive,2,-25.60526652633292,-19.938632651334277,2.1749187487369768,3.135616361610583,3.692254109885278,7.190213729786,,,,,8.23791446740471,20.685548430771284,52.39481696526991,39.9543711857251,,,,,19
Hard_Disk_Drive,3,-27.150181227950497,-19.594669394618975,2.3119932329225263,3.135616361610583,3.9109714858119493,4.615715801529544,7.922850901927406,,,,8.23791446740471,22.96196773401298,62.34047557820481,50.01793775996428,10.590841929254236,,,,19
Low_Density_Polyethylene,0,-43.437184448469,-41.892007003989434,0.5305691460677175,2.278424186073559,,,,,,,4.288938717291892,20.287577565470738,,,,,,,16
Low_Density_Polyethylene,1,-72.38867323907377,-69.29831835011464,0.13831509182422974,2.278424186073559,3.499169660859674,,,,,,4.288938717291892,12.329457094788932,30.73594160592201,,,,,,16
Low_Density_Polyethylene,2,-71.16704629699761,-66.53151396355892,0.11361395923078565,2.278424186073559,3.5317535062162677,3.837718598199693,,,,,4.288938717291892,11.755127942079547,36.49977947585641,27.407255813597764,,,,,16
Urea,0,-31.057819030981932,-30.088005731405932,1.4604686855649731,2.9442185742543887,,,,,,,4.349539094645591,15.602760326446363,,,,,,,12
Urea,1,-46.544286781562874,-44.604660182410875,0.6513916909626509,2.9442185742543887,3.6782010171692834,,,,,,4.349539094645591,0.15321758700259647,27.203407619288456,,,,,,12
Sodium,0,-89.36300085573858,-87.81782341125901,1.6483929189925175,2.9388145995043424,,,,,,,3.7029291328911547,8.746779478501153,,,,,,,16
Sodium,1,-106.000772075312,-102.91041718635287,1.362140572065022,2.9388145995043424,3.373959940754409,,,,,,3.7029291328911547,2.8456541789916856,15.017422328962859,,,,,,16
Ethanolamine,0,-48.908015447998054,-47.12727193220572,2.4195798135772497,2.3268072136221662,,,,,,,3.484304141660227,23.707108815115074,,,,,,,18
Ethanolamine,1,-101.33968297092693,-97.77819593934227,1.8529269462568099,2.3268072136221662,3.1200553749698914,,,,,,3.484304141660227,11.786086314603727,46.02443606207905,,,,,,18
SodiumChlorate,0,-55.11857523124728,-53.702474829042856,1.4610439493338527,2.211310863541545,,,,,,,3.3175350269931916,13.84768563936315,,,,,,,15
SodiumChlorate,1,-77.61974206933758,-74.78754126492873,1.006828350613683,2.211310863541545,2.8135577714454993,,,,,,3.3175350269931916,2.367484347563187,24.21979028564595,,,,,,15
Primary_Magnesium,0,-107.61170798259485,-104.28458469033556,0.4097191495277104,3.2209339401035244,,,,,,,6.221388977510448,10.143114428197098,,,,,,,39
Primary_Magnesium,1,-134.21337411330796,-127.55912752878938,0.5719559038216688,3.2209339401035244,5.708182988626534,,,,,,6.221388977510448,12.587484722858145,-9.384364184775196,,,,,,39
Primary_Magnesium,2,-132.4054027556595,-122.42403287888163,0.24828353047157065,3.2209339401035244,4.097109367174909,5.243353448455246,,,,,6.221388977510448,7.0069491444257554,19.952861073779392,-4.8400107551083815,,,,,39
Primary_Magnesium,3,-133.5493607308098,-120.24086756177263,0.2482835304715691,3.2209339401035244,4.097109367174909,5.3184035634857425,6.0622899777828625,,,,6.221388977510448,7.006949144425734,19.952861073779417,-9.965258146124722,21.04221483311729,,,,39
NeopreneRubber,0,-61.640823830196524,-60.51092511527345,2.067908866149097,2.871834368237582,,,,,,,3.6606898283329117,9.053693779036454,,,,,,,13
NeopreneRubber,1,-97.09416804792949,-94.83437061808334,1.629765008594082,2.871834368237582,3.330481200449303,,,,,,3.6606898283329117,-0.30544424735130526,19.458634297899092,,,,,,13
Electric_Range,0,-78.0052773719898,-75.91623249654296,2.6982622081051604,0.6901960800285137,,,,,,,1.4424797690644486,15.955004071206535,,,,,,,21
Electric_Range,1,-128.2868350026444,-124.10874525175072,2.5056412575485947,0.6901960800285137,1.2131909583488274,,,,,,1.4424797690644486,3.2882743645244794,40.09545310630074,,,,,,21
Ethylene,0,-48.322401112008606,-46.906300709804185,-0.9726986745919569,1.1034257431759258,,,,,,,2.0025502819824124,15.86636185932101,,,,,,,15
Nuclear_Power_(OECD),0,-133.2535695630152,-131.47282604722287,0.6574110820235791,1.8756399370041683,,,,,,,2.5216610151120733,5.5161965866319385,,,,,,,18
AcrylicFiber,0,-39.822662335799045,-38.69276362087597,3.1087872751004584,2.3028221941526525,,,,,,,3.6389010965834716,24.04084259636653,,,,,,,13
AcrylicFiber,1,-67.22434991940611,-64.96455248955996,2.560950850281984,2.3028221941526525,3.038692957145896,,,,,,3.6389010965834716,12.417807615174148,34.63588404643693,,,,,,13
AcrylicFiber,2,-63.68198316820076,-60.29228702343154,2.560950850281984,2.3028221941526525,3.0481631474849697,3.434312132058872,,,,,3.6389010965834716,12.417807615174148,35.73733989835194,32.33667401871342,,,,,13
Formaldehyde,0,-38.4303209633334,-37.634530417736656,1.204536431449937,3.284659339935264,,,,,,,4.578391781378922,12.913486369506922,,,,,,,11
Formaldehyde,1,-51.3733557750559,-49.781774683862416,0.9414398633792218,3.284659339935264,4.360445792918635,,,,,,4.578391781378922,8.578963024127162,37.67545950983248,,,,,,11
Wheat_(US),0,-229.58432246082955,-223.67266834562705,3.38856201409255,3.573036381305641,,,,,,,5.217666123571274,22.33722421199512,,,,,,,142
Offshore_Gas_Pipeline,0,4.178496334551715,4.9742868801484565,1.2380433270237328,1.8660550665256193,,,,,,,2.964853702910563,21.50395227039239,,,,,,,11
Offshore_Gas_Pipeline,1,7.958653523078031,9.550234614271513,1.0047772037480363,1.8660550665256193,2.717431355203404,,,,,,2.964853702910563,15.124941273052606,47.56698293532607,,,,,,11
Benzene,0,-55.25524128913199,-53.710063844652424,0.023890679090639022,0.5005109105263371,,,,,,,1.0354297381845483,40.823029544316526,,,,,,,16
Ethanol_(Brazil),0,-53.10303286463824,-50.74692520394235,2.909094819379298,3.870860922073174,,,,,,,5.414795939734737,22.138487352497805,,,,,,,24
Ethanol_(Brazil),2,-48.42439781012383,-41.35607482803616,2.1913413829080004,3.870860922073174,4.6288919312248655,5.073848793744075,,,,,5.414795939734737,12.485240309149725,30.08189259862285,23.439738492639183,,,,,24
IsopropylAlcohol,0,-42.21900311592955,-41.824553961257116,1.2265469655905963,3.1652985111508,,,,,,,4.1901182122026945,8.323563808134626,,,,,,,9
IsopropylAlcohol,1,-62.859564383875124,-62.070666074530244,1.017245811784368,3.1652985111508,3.958942401223561,,,,,,4.1901182122026945,4.440783337201715,22.77891705425985,,,,,,9
Wind_Power,0,-40.41016436922749,-38.62942085343516,0.9097818401563587,1.4351743816206133,,,,,,,3.994195601307241,14.482252834711673,,,,,,,18
Wind_Power,1,-38.71027706540531,-35.148790033820646,0.86495675710121,1.4351743816206133,3.621654147580145,,,,,,3.994195601307241,13.40078135606786,29.753503574246665,,,,,,18
Ford_Model-T,0,-25.89163492243496,-25.732751839075288,3.1618920314295464,-1.8239087409443189,,,,,,,0.6334684555795865,11.776093892480876,,,,,,,8
Ford_Model-T,1,-33.85824222538269,-33.540476058663344,3.198479265819257,-1.8239087409443189,0.027961948344431768,,,,,,0.6334684555795865,9.569285931555937,21.96889811532856,,,,,,8
Ford_Model-T,2,-42.525780655665905,-42.04913140558689,3.12089549403639,-1.8239087409443189,-0.6746145689086114,-0.15931327012431826,,,,,0.6334684555795865,12.896100842178182,-1.5543122344752192e-13,21.480200815018293,,,,,8
Polystyrene,0,-38.25259921244691,-35.81484756271051,0.1604550959997086,1.4901550529482315,,,,,,,3.914338607284225,14.655198105971024,,,,,,,25
Polystyrene,1,-89.65627107692151,-84.78076777744872,-0.21407727194726464,1.4901550529482315,3.222707857281297,,,,,,3.914338607284225,4.372860816571189,38.63104688948623,,,,,,25
Polystyrene,2,-103.84569638585643,-96.53244143664722,0.037410703902344127,1.4901550529482315,2.3734748528487777,3.1478051608011324,,,,,3.914338607284225,13.067756216081861,-6.6804501939349725,38.57844094552535,,,,,25
Polystyrene,3,-107.56983891462511,-97.8188323156795,0.03741070390234433,1.4901550529482315,2.350111575034166,3.1983574574956024,3.7253859125317903,,,,3.914338607284225,13.067756216081905,-4.882313684805228,42.75971405355578,21.642548412135277,,,,25
Polystyrene,4,-113.40280978201403,-101.21405153333203,0.037410703902345785,1.4901550529482315,2.434996462278474,2.785204555197735,3.2708296200387865,3.7103435702840954,,,3.914338607284225,13.067756216081916,-21.156920618366804,9.270126181418837,44.402932323604475,21.642548412135255,,,25
Phenol,0,-44.88146091584161,-43.60334625661109,2.3665738193809727,2.941600434771859,,,,,,,4.210687075708083,22.972733219825148,,,,,,,14
Phenol,1,-50.776474114002895,-48.22024479554186,2.0364078736804108,2.941600434771859,3.8510391638347246,,,,,,4.210687075708083,17.56923986876704,36.42774802516189,,,,,,14
Beer_(Japan),0,-91.18500996862494,-89.5185832805125,2.306303660601019,2.6503815030236098,,,,,,,4.257560415118091,10.347931463503567,,,,,,,17
Beer_(Japan),1,-96.2012004071459,-92.86834703092104,2.17528397340973,2.6503815030236098,3.4650489193034533,,,,,,4.257560415118091,7.688664714270743,12.426628173079802,,,,,,17
Beer_(Japan),2,-97.1930199279187,-92.1937398635814,2.1586794580501336,2.6503815030236098,3.5355833475985707,3.8368436284031224,,,,,4.257560415118091,7.322802704242437,16.99036489394671,8.940543859552207,,,,,17
Free_Standing_Gas_Range,0,-107.46300260955638,-105.37395773410954,2.9096459552168477,1.5403294747908738,,,,,,,1.8680563618230415,30.34149660511758,,,,,,,21
