Tech,n_breaks,First Diff.,AIC,BIC,Intercept,Initial production,Breakpoint 1,Breakpoint 2,Breakpoint 3,Breakpoint 4,Breakpoint 5,Breakpoint 6,Final production,LR 1,LR 2,LR 3,LR 4,LR 5,LR 6,LR 7,Number of observations
Wind_Turbine_2_(Germany),0,1,-13.320481707951082,-13.711043795516982,,0.6130071420551685,,,,,,,1.9286626385673682,-1.6698305965261895,,,,,,,6
Wind_Turbine_2_(Germany),0,0,-21.23701200981018,-21.65349307135407,3.4220856924107346,0.6130071420551685,,,,,,,1.9286626385673682,-0.5564765771690849,,,,,,,6
Caprolactam,0,1,-14.541473613128712,-14.932035700694613,,2.2835744806987583,,,,,,,3.14557577138462,18.990708381421406,,,,,,,6
Caprolactam,0,0,-17.205136680344665,-17.621617741888556,2.4741102763630334,2.2835744806987583,,,,,,,3.14557577138462,21.827040016272992,,,,,,,6
Caprolactam,1,0,-42.94989953726733,-43.78286166035511,2.0220800206368903,2.2835744806987583,2.877410708126341,,,,,,3.14557577138462,11.425799480491882,43.49513244132736,,,,,,6
Fotovoltaica,0,1,-66.65661414731076,-65.47856031696281,,-2.636811563395229,,,,,,,1.1099902986396113,26.77091434774912,,,,,,,25
Fotovoltaica,0,0,-17.890001455455117,-15.452249805718715,1.8990193061273801,-2.636811563395229,,,,,,,1.1099902986396113,35.259557353626,,,,,,,25
Fotovoltaica,1,0,-43.64883530183636,-38.77333200236355,2.5844576355252973,-2.636811563395229,-1.3286685988379285,,,,,,1.1099902986396113,16.87544156424049,42.12891677624883,,,,,,25
Fotovoltaica,2,0,-65.7775497533089,-58.4642948040997,2.512352309690087,-2.636811563395229,-1.0045494531659642,0.15107063217452685,,,,,1.1099902986396113,18.69455296182504,51.879079311635756,25.547093363553806,,,,,25
Fotovoltaica,3,0,-82.8875249534976,-73.136518354552,2.5844576355252977,-2.636811563395229,-1.2544445117961134,-0.4076992781778221,-0.04381546889096857,,,,1.1099902986396113,16.875441564240347,41.38502357989072,66.55649899207407,26.467936857706654,,,,25
Fotovoltaica,4,0,-89.09738355032383,-76.90862530164182,1.3586049304447154,-2.636811563395229,-2.369114876778392,-1.409421726519385,-0.42138721794225326,-0.04381546889097286,,,1.1099902986396113,40.62095751016437,8.822686701558336,39.83355570839873,66.55649899207407,26.46793685770691,,,25
Fotovoltaica,5,0,-87.2173889696374,-72.59087907121899,1.3586049304447185,-2.636811563395229,-2.3353959078574142,-1.68361239458828,-1.249808842412609,-0.40769927817782087,-0.0438154688909727,,1.1099902986396113,40.62095751016418,5.071194329774187,21.366774076244067,41.38502357989091,66.55649899207418,26.467936857707073,,25
Crude_Oil,0,1,-37.063685226375654,-36.76110013338161,,2.0019857758304167,,,,,,,2.0879881861690346,-86.82442503189975,,,,,,,11
Crude_Oil,0,0,-44.81095219262875,-44.015161647032,0.23954991821945956,2.0019857758304167,,,,,,,2.0879881861690346,-8.805774706983538,,,,,,,11
Photovoltaics_2,0,1,-40.96156078984683,-40.25351058874462,,5.880298346279688,,,,,,,8.260680282952482,20.978560777485512,,,,,,,16
Photovoltaics_2,0,0,-25.433044105172815,-23.887866660693252,3.5851485335894617,5.880298346279688,,,,,,,8.260680282952482,25.997433692718907,,,,,,,16
Photovoltaics_2,1,0,-48.462134713515084,-45.37177982455596,1.9148078689444683,5.880298346279688,7.1524492337049255,,,,,,8.260680282952482,11.538642135701338,37.618374826389896,,,,,,16
Photovoltaics_2,2,0,-49.20607714183488,-44.57054480839619,1.929513908566955,5.880298346279688,7.261418332657702,7.912141621219379,,,,,8.260680282952482,11.68317402502942,43.57732772864337,26.49545363045376,,,,,16
Onshore_Gas_Pipeline,0,1,-11.770171269507326,-12.160733357073227,,1.5190270600153564,,,,,,,1.6916432391433927,20.981533723687782,,,,,,,6
Onshore_Gas_Pipeline,0,0,-16.80038937598789,-17.21687043753178,4.541840803178252,1.5190270600153564,,,,,,,1.6916432391433927,48.20119877629059,,,,,,,6
Titanium_Sponge,0,1,-21.235011563149193,-21.15557002146936,,2.8240889861252847,,,,,,,4.729188638049377,15.27377532000399,,,,,,,9
Titanium_Sponge,0,0,-16.76714051162464,-16.3726913569522,1.6473563553392274,2.8240889861252847,,,,,,,4.729188638049377,17.434144984327148,,,,,,,9
Titanium_Sponge,1,0,-42.108360906264195,-41.319462596919315,0.8297253568441357,2.8240889861252847,3.833489569085946,,,,,,4.729188638049377,1.5768114925514554,30.902041494794965,,,,,,9
Titanium_Sponge,2,0,-39.37832628205217,-38.194978818034855,0.8297253568441355,2.8240889861252847,3.6592777425639684,4.101087556566515,,,,,4.729188638049377,1.576811492551622,18.4624584753891,32.44846864203835,,,,,9
Wind_Electricity,0,1,-31.69472714693692,-31.392142053942873,,3.7278706520395737,,,,,,,7.138969926599091,3.5095430109206793,,,,,,,11
Wind_Electricity,0,0,-27.49575501041248,-26.69996446481574,1.8980082798170141,3.7278706520395737,,,,,,,7.138969926599091,8.260536539511055,,,,,,,11
Wind_Electricity,1,0,-25.26815890503258,-23.676577813839096,1.8387370764111288,3.7278706520395737,6.862678534643687,,,,,,7.138969926599091,7.389452299697319,26.141075117848168,,,,,,11
Milk_(US),0,1,-224.34035680718284,-222.70277064745645,,5.81109776828194,,,,,,,6.703464572619577,10.73320488389422,,,,,,,39
Milk_(US),0,0,-119.09018619102972,-115.76306289877043,4.733527491246677,5.81109776828194,,,,,,,6.703464572619577,23.66396304463837,,,,,,,39
Milk_(US),1,0,-222.05171725096284,-215.39747066644426,3.30034113012788,5.81109776828194,6.46407588747157,,,,,,6.703464572619577,10.258338197443727,52.50243676234862,,,,,,39
HydrofluoricAcid,0,1,-31.20179355436595,-31.59235564193185,,2.3850895644788612,,,,,,,3.1100207347064646,3.7974277231241693,,,,,,,6
HydrofluoricAcid,0,0,-44.58146613735494,-44.99794719889883,1.3071235299037924,2.3850895644788612,,,,,,,3.1100207347064646,4.060211517287893,,,,,,,6
Transistor,0,1,-28.90110776742597,-28.067894423369754,,0.5431479942360623,,,,,,,5.6616995958527845,44.49249444484417,,,,,,,18
Transistor,0,0,-26.824289174918494,-25.043545659126167,0.9049577793205199,0.5431479942360623,,,,,,,5.6616995958527845,45.02956962583191,,,,,,,18
Transistor,1,0,-40.71975230342355,-37.158265271838886,1.1141830721715762,0.5431479942360623,2.6988231489248786,,,,,,5.6616995958527845,49.860158907032925,41.697184027965896,,,,,,18
Transistor,2,0,-37.181433918417554,-31.83920337104057,1.112198750917382,0.5431479942360623,1.9512771711307395,4.499387732148703,,,,,5.6616995958527845,50.07614198246093,45.307670487063845,36.20194903837199,,,,,18
CarbonDisulfide,0,1,-21.8811063417405,-22.49481198062061,,2.964880919887962,,,,,,,3.5742533959740874,3.2124830924731285,,,,,,,5
CarbonDisulfide,0,0,-30.754511024323037,-31.535635199454838,0.7772351106639713,2.964880919887962,,,,,,,3.5742533959740874,3.495890673821511,,,,,,,5
Primary_Aluminum,0,1,-64.8987478467455,-63.95430886757905,,2.6877544477235684,,,,,,,3.7979771339012567,15.914775718702801,,,,,,,20
Primary_Aluminum,0,0,-62.89086897559912,-60.89940442849114,0.9573404728098165,2.6877544477235684,,,,,,,3.7979771339012567,26.119075589333917,,,,,,,20
Primary_Aluminum,2,0,-67.48620662982364,-61.5118129884997,-0.4591244977892586,2.6877544477235684,2.974971216870886,3.3473635548410363,,,,,3.7979771339012567,-4.191643042808191,38.79166482126738,19.957084954120717,,,,,20
Acrylonitrile,0,1,-16.915888993122408,-17.124129523894354,,2.5303838557017677,,,,,,,3.3908898709416206,17.40795240196058,,,,,,,7
Acrylonitrile,0,0,-18.316966271914016,-18.42514597380339,2.12155287016723,2.5303838557017677,,,,,,,3.3908898709416206,18.107003732414118,,,,,,,7
Acrylonitrile,1,0,-29.793269647453116,-30.00962905123186,2.733023994591529,2.5303838557017677,3.1071803026897116,,,,,,3.3908898709416206,29.733173855219853,-17.594463985220333,,,,,,7
Photovoltaics_4,0,1,-43.80063247645156,-43.235683118990025,,0.3209608969751543,,,,,,,2.152758852144069,31.816501285549137,,,,,,,14
Photovoltaics_4,0,0,-33.85541669235622,-32.577302033125704,1.9391478937217197,0.3209608969751543,,,,,,,2.152758852144069,30.548127168297246,,,,,,,14
Photovoltaics_4,1,0,-66.78215835164053,-64.2259290331795,2.2398474540558944,0.3209608969751543,0.7556065613240173,,,,,,2.152758852144069,51.69806087157538,25.47143191550495,,,,,,14
Photovoltaics_4,2,0,-64.41500380464757,-60.58065982695602,2.201779082522885,0.3209608969751543,0.8437228201712846,1.8943914416598469,,,,,2.152758852144069,48.70687273466358,23.569060567440836,33.349196936841786,,,,,14
Photovoltaics_4,3,0,-72.99320251597192,-67.88074387904985,2.239847454055897,0.3209608969751543,0.7231118656384944,1.188963273618604,1.8191221172478924,,,,2.152758852144069,51.69806087157547,30.11345651383338,20.98357528221809,33.34919693684179,,,,14
PolyesterFiber,0,1,-18.209958410866406,-18.600520498432306,,2.054367295134734,,,,,,,2.963190661961214,11.221304401934129,,,,,,,6
PolyesterFiber,0,0,-22.446229299854934,-22.862710361398825,2.490808419979744,2.054367295134734,,,,,,,2.963190661961214,11.429445687850059,,,,,,,6
Geothermal_Electricity,0,1,-67.94254966978406,-67.45764301999606,,6.749824565866473,,,,,,,8.08543949080135,10.836553603020471,,,,,,,13
Geothermal_Electricity,0,0,-65.97227583532157,-64.8423771203985,2.6492216980857637,6.749824565866473,,,,,,,8.08543949080135,14.433761660549338,,,,,,,13
Solar_Thermal,0,1,-3.4478211079183936,-4.349208819250284,,1.843819745203394,,,,,,,2.2523535870463482,-2.3065680496256347,,,,,,,4
Solar_Thermal,0,0,-7.201468757024703,-8.428880034784921,4.008194295021079,1.843819745203394,,,,,,,2.2523535870463482,5.549186755960179,,,,,,,4
Cyclohexane,0,1,-32.64391052544832,-32.698000376393004,,1.9777825815576695,,,,,,,2.8102411914780943,10.786535104879624,,,,,,,8
Cyclohexane,0,0,-35.762016338274236,-35.60313325491457,1.1184959687944354,1.9777825815576695,,,,,,,2.8102411914780943,10.828611764106844,,,,,,,8
DRAM,0,1,-18.671733715692582,-17.838520371636367,,-2.168832446932043,,,,,,,3.03535078909289,35.76290166334607,,,,,,,18
DRAM,0,0,-16.029680225320018,-14.248936709527689,-0.02649054621208607,-2.168832446932043,,,,,,,3.03535078909289,36.54470885544898,,,,,,,18
DRAM,1,0,-27.82840523080133,-24.266918199216672,-0.05536057802451798,-2.168832446932043,2.481169221876608,,,,,,3.03535078909289,38.37439751720733,-13.55221552965018,,,,,,18
DRAM,2,0,-26.87653912039469,-21.534308573017704,-0.34100404823486913,-2.168832446932043,-1.297375971349731,2.524449192795484,,,,,3.03535078909289,45.30344367093755,37.24022484322925,-13.552215529650336,,,,,18
DRAM,3,0,-33.04261589290505,-25.91964182973573,-0.34100404823487396,-2.168832446932043,-1.0774476291133297,1.8685953691556232,2.321673105615171,,,,3.03535078909289,45.303443670937625,35.48988739070149,56.973058047172195,-13.552215529650136,,,,18
DRAM,4,0,-29.915590884147093,-21.011873305185446,0.1969413220714296,-2.168832446932043,-1.8450648601645614,-1.2822450419793945,1.8685953691556212,2.3216731056151714,,,3.03535078909289,34.43072272268948,51.884288338187936,35.48988739070145,56.97305804717215,-13.552215529650468,,,18
SodiumHydrosulfite,0,1,-14.260546879103387,-15.161934590435278,,1.8741373791721359,,,,,,,2.2572959883556867,0.8664163965300453,,,,,,,4
SodiumHydrosulfite,0,0,-21.67885462843176,-22.90626590619198,1.4070354683565562,1.8741373791721359,,,,,,,2.2572959883556867,1.3300149284016682,,,,,,,4
EthylAlcohol,0,1,-32.871720300630884,-32.92581015157557,,2.9467213439105575,,,,,,,3.420491742523151,-5.496858272179295,,,,,,,8
EthylAlcohol,0,0,-39.75882881107851,-39.59994572771884,0.5154861161229194,2.9467213439105575,,,,,,,3.420491742523151,-6.013850256788578,,,,,,,8
Ethanol_2,0,1,-33.598930610635094,-33.65302046157978,,1.4359806059181257,,,,,,,2.3855416758895376,7.278509192320836,,,,,,,8
Ethanol_2,0,0,-41.252850605439754,-41.093967522080085,2.3913690490971047,1.4359806059181257,,,,,,,2.3855416758895376,9.00232779637349,,,,,,,8
Monochrome_Television,0,1,-33.73773929742188,-33.54051472008566,,2.4249037501834367,,,,,,,3.7427261950203374,13.225688207454944,,,,,,,10
Monochrome_Television,0,0,-38.30564423907482,-37.70047405308673,3.037367651879278,2.4249037501834367,,,,,,,3.7427261950203374,15.132301465355646,,,,,,,10
Monochrome_Television,1,0,-44.578715103037496,-43.36837473106131,2.881548830807313,2.4249037501834367,3.416575975267467,,,,,,3.7427261950203374,11.768998079379589,27.57537014275474,,,,,,10
Polyvinylchloride,0,1,-40.915294683925936,-40.61270959093189,,2.485690702244294,,,,,,,3.5942796360121223,7.959680878336528,,,,,,,11
Polyvinylchloride,0,0,-36.15716263821291,-35.361372092616165,0.0823025796452036,2.485690702244294,,,,,,,3.5942796360121223,9.69196219595483,,,,,,,11
Polyvinylchloride,1,0,-65.35099157980373,-63.75941048861025,-0.22548130594798743,2.485690702244294,3.340125711193476,,,,,,3.5942796360121223,2.58869341477892,37.53997279122833,,,,,,11
Nuclear_Electricity,0,1,-14.699439217407644,-14.502214640071424,,4.071279266590245,,,,,,,4.724706070559086,-108.72765021561919,,,,,,,10
Nuclear_Electricity,0,0,-22.53894820978507,-21.933778023796975,-5.1511202214484895,4.071279266590245,,,,,,,4.724706070559086,-122.11009199742495,,,,,,,10
PolyethyleneLD,0,1,-25.605679862425603,-25.65976971337029,,2.9845443890474828,,,,,,,4.025463081843386,15.095836558357023,,,,,,,8
PolyethyleneLD,0,0,-30.65015863063794,-30.491275547278267,2.5551635079072885,2.9845443890474828,,,,,,,4.025463081843386,20.456610759688964,,,,,,,8
Solar_Thermal_Electricity,0,1,-14.7430166581657,-16.049869477605757,,1.4027714750855362,,,,,,,2.061752740976682,-9.329615302337535,,,,,,,3
Solar_Thermal_Electricity,0,0,-25.624802751458013,-27.427578174121795,0.5110825044284513,1.4027714750855362,,,,,,,2.061752740976682,-9.311983805515567,,,,,,,3
Polypropylene,0,1,-14.104229485002556,-15.005617196334446,,1.4928115977940668,,,,,,,2.4970730070042357,10.52795734734131,,,,,,,4
Polypropylene,0,0,-21.443106679530043,-22.67051795729026,-0.14441750546259796,1.4928115977940668,,,,,,,2.4970730070042357,10.828389083715606,,,,,,,4
Polypropylene,1,0,-282.8606624584988,-285.3154850140192,-0.24712647537332244,1.4928115977940668,1.996977509077112,,,,,,2.4970730070042357,6.904499494003868,14.589954902047598,,,,,,4
Laser_Diode,0,1,-4.7177839734978475,-5.108346061063747,,-0.01240241993529162,,,,,,,2.7787818557217725,15.868971513247065,,,,,,,6
Laser_Diode,0,0,-9.200705532964498,-9.61718659450839,3.479051570312239,-0.01240241993529162,,,,,,,2.7787818557217725,17.32043450190731,,,,,,,6
Trichloroethane,0,1,-18.209561800729837,-19.110949512061726,,2.235034247799735,,,,,,,2.9930411675764335,1.5083243732394114,,,,,,,4
Trichloroethane,0,0,-27.949686236219065,-29.177097513979284,1.1169656693573067,2.235034247799735,,,,,,,2.9930411675764335,2.1511559157418536,,,,,,,4
Electric_Power,0,1,-57.22037906514029,-56.655429707678756,,2.609651560610097,,,,,,,3.511088016301193,26.458952859367933,,,,,,,14
Electric_Power,0,0,-61.490846426034636,-60.21273176680412,0.6436269916316305,2.609651560610097,,,,,,,3.511088016301193,23.622607942225336,,,,,,,14
Electric_Power,1,0,-61.352937715662165,-58.79670839720113,0.8038658254533485,2.609651560610097,3.2064882281877547,,,,,,3.511088016301193,26.511599708714016,16.728111557864377,,,,,,14
Magnesium,0,1,-49.09441803271922,-48.897193455383,,2.4553746568410872,,,,,,,2.8902241635044894,-18.024585228118294,,,,,,,10
Magnesium,0,0,-50.06192533769902,-49.45675515171093,1.1549404330399042,2.4553746568410872,,,,,,,2.8902241635044894,-10.56036161309577,,,,,,,10
Shotgun_Sanger_DNA_Sequencing,0,1,-32.46480055528386,-32.066905282485486,,7.510554661087867,,,,,,,8.945903241091582,26.08990774939063,,,,,,,12
Shotgun_Sanger_DNA_Sequencing,0,0,-34.72233765663873,-33.752524357062725,4.729173176595459,7.510554661087867,,,,,,,8.945903241091582,31.32323390943894,,,,,,,12
Shotgun_Sanger_DNA_Sequencing,1,0,-31.698061795673482,-29.758435196521482,4.99912685185876,7.510554661087867,8.60715927538721,,,,,,8.945903241091582,32.91318449823842,24.691993619173893,,,,,,12
Pentaerythritol,0,1,-49.545368077298164,-49.34814349996194,,2.2388802637589955,,,,,,,2.8329765524025707,12.229116225815739,,,,,,,10
Pentaerythritol,0,0,-56.75163734210592,-56.14646715611783,2.1087402577449765,2.2388802637589955,,,,,,,2.8329765524025707,14.531529844841407,,,,,,,10
Ethylene_2,0,1,-18.614616382816692,-19.005178470382592,,3.6264499256521328,,,,,,,4.563149509396815,4.27261688644911,,,,,,,6
Ethylene_2,0,0,-26.827691963608167,-27.244173025152058,1.0231737446900093,3.6264499256521328,,,,,,,4.563149509396815,5.585459492220979,,,,,,,6
Ethylene_2,1,0,-25.280414857775092,-26.113376980862874,0.8662383737943727,3.6264499256521328,4.297004005568006,,,,,,4.563149509396815,2.90188702962344,13.30793742377281,,,,,,6
VinylAcetate,0,1,-21.8616077629175,-22.2521698504834,,2.5119212716417287,,,,,,,3.30471200699638,10.949387594561443,,,,,,,6
VinylAcetate,0,0,-26.346774171554365,-26.763255233098256,1.7213390082349818,2.5119212716417287,,,,,,,3.30471200699638,12.983162445238616,,,,,,,6
VinylAcetate,1,0,-39.71948002013558,-40.55244214322336,1.4419830462190146,2.5119212716417287,3.0185312427691136,,,,,,3.30471200699638,6.536161035971865,24.28499320625258,,,,,,6
CarbonBlack,0,1,-22.177976668691812,-23.0793643800237,,3.211922707582875,,,,,,,3.9433760871819508,0.923744548263572,,,,,,,4
CarbonBlack,0,0,-32.028373412378784,-33.255784690139,0.9117110079080666,3.211922707582875,,,,,,,3.9433760871819508,1.1370555028193174,,,,,,,4
Aniline,0,1,-17.38609507385673,-17.77665716142263,,2.2609249080475813,,,,,,,2.983426924458634,13.031697404561083,,,,,,,6
Aniline,0,0,-23.872810041754796,-24.289291103298687,1.5464316347705533,2.2609249080475813,,,,,,,2.983426924458634,10.07266642819572,,,,,,,6
PhthalicAnhydride,0,1,-18.364994897411542,-18.285553355731707,,2.860343394500682,,,,,,,3.555687900650696,19.522540952025004,,,,,,,9
PhthalicAnhydride,0,0,-20.504481029115254,-20.110031874442814,2.3792501208239707,2.860343394500682,,,,,,,3.555687900650696,21.51701396646014,,,,,,,9
PhthalicAnhydride,1,0,-21.54053410142943,-20.75163579208455,1.5478771950046009,2.860343394500682,3.2988542977501676,,,,,,3.555687900650696,5.242088338897489,43.85866357965803,,,,,,9
Capillary_DNA_Sequencing,0,1,-3.0870171808320954,-3.9884048921639854,,1.0368405273060124,,,,,,,1.655189385730889,46.95945303244719,,,,,,,4
Capillary_DNA_Sequencing,0,0,-6.714140759369069,-7.941552037129288,1.749206838346835,1.0368405273060124,,,,,,,1.655189385730889,48.69392297337918,,,,,,,4
MaleicAnhydride,0,1,-19.362281211594365,-19.57052174236631,,2.074149614366387,,,,,,,2.8032643250269764,25.586248166494684,,,,,,,7
MaleicAnhydride,0,0,-23.422761546363688,-23.53094124825306,2.5963259918738673,2.074149614366387,,,,,,,2.8032643250269764,31.377879063054227,,,,,,,7
Refined_Cane_Sugar,0,1,-62.123464439259635,-61.415414238157425,,2.190598558183,,,,,,,2.477259152867094,16.717685113977588,,,,,,,16
Refined_Cane_Sugar,0,0,-76.21145818603192,-74.66628074155236,-0.6215314782184915,2.190598558183,,,,,,,2.477259152867094,10.379983441363061,,,,,,,16
Paraxylene,0,1,-13.623706597957426,-14.014268685523326,,2.0010292736828488,,,,,,,3.027446357028481,13.544200550772745,,,,,,,6
Paraxylene,0,0,-17.72237958810897,-18.138860649652862,-0.34242641572696925,2.0010292736828488,,,,,,,3.027446357028481,14.09006518103465,,,,,,,6
Ammonia,0,1,-29.9797738967399,-30.3703359843058,,3.618014271742087,,,,,,,4.535441942276823,0.018957874996339275,,,,,,,6
Ammonia,0,0,-38.14685347142964,-38.56333453297353,0.6355400508721621,3.618014271742087,,,,,,,4.535441942276823,1.4923263871643444,,,,,,,6
Ammonia,1,0,-37.41050967959521,-38.24347180268299,0.5753719140277442,3.618014271742087,4.31189864086825,,,,,,4.535441942276823,0.42800660263837553,5.668560490813201,,,,,,6
SCGT,0,1,-9.9149906604784,-11.221843479918455,,1.1574338424381236,,,,,,,2.4259608503495933,15.080683664790984,,,,,,,3
SCGT,0,0,-18.383622992321996,-20.186398414985778,3.3088095754601325,1.1574338424381236,,,,,,,2.4259608503495933,15.09849289429267,,,,,,,3
Automotive_(US),0,1,-60.67470691877041,-60.27681164597204,,3.6754201162275533,,,,,,,4.416691951526992,47.413014630656534,,,,,,,12
Automotive_(US),0,0,-63.974260826431276,-63.00444752685527,3.963576382007095,3.6754201162275533,,,,,,,4.416691951526992,45.0805907814152,,,,,,,12
VinylChloride,0,1,-22.128010106361288,-22.518572193927188,,3.0111160826208967,,,,,,,3.9951052123613224,9.491723751452085,,,,,,,6
VinylChloride,0,0,-28.521808263594288,-28.93828932513818,1.3981494999576634,3.0111160826208967,,,,,,,3.9951052123613224,10.831548994093376,,,,,,,6
VinylChloride,1,0,-32.75315361014614,-33.586115733233925,1.2462488987793323,3.0111160826208967,3.7233795368994103,,,,,,3.9951052123613224,7.930551630825389,19.72690071651907,,,,,,6
Photovoltaics,0,1,-41.88038317391345,-41.315433816451915,,0.8636215653733168,,,,,,,2.3081481079614896,30.366462592552434,,,,,,,14
Photovoltaics,0,0,-43.77442915820834,-42.496314498977824,1.7620118681787396,0.8636215653733168,,,,,,,2.3081481079614896,30.2335962830638,,,,,,,14
TitaniumDioxide,0,1,-20.25663342899265,-21.15802114032454,,2.7998631924400805,,,,,,,3.3729963909319256,3.689045404139535,,,,,,,4
TitaniumDioxide,0,0,-30.112261442513244,-31.339672720273462,1.6093633982447626,2.7998631924400805,,,,,,,3.3729963909319256,4.268854116745857,,,,,,,4
Motor_Gasoline,0,1,-47.718531984698686,-47.41594689170464,,1.8956048158076333,,,,,,,1.9551246527324488,-29.431005124890007,,,,,,,11
Motor_Gasoline,0,0,-50.6260915046804,-49.83030095908366,-0.9234380530791936,1.8956048158076333,,,,,,,1.9551246527324488,-1.0263720024136447,,,,,,,11
Solar_Water_Heaters,0,1,-9.36304138643662,-9.97674702531673,,1.7006455194827932,,,,,,,3.259319855691428,-9.04653899036878,,,,,,,5
Solar_Water_Heaters,0,0,-17.3806678853868,-18.1617920605186,-0.36750827630585314,1.7006455194827932,,,,,,,3.259319855691428,-10.787423485055747,,,,,,,5
Wind_Turbine_(Denmark),0,1,-40.63838861252526,-40.44116403518904,,0.9752174480080621,,,,,,,3.0407784494935113,3.833372102610777,,,,,,,10
Wind_Turbine_(Denmark),0,0,-41.423424203505206,-40.81825401751711,4.152452633630628,0.9752174480080621,,,,,,,3.0407784494935113,5.518800698306425,,,,,,,10
Wind_Turbine_(Denmark),1,0,-44.67831375480095,-43.467973382824766,4.08924200755893,0.9752174480080621,2.357271459911848,,,,,,3.0407784494935113,2.443296478693713,11.744384873672352,,,,,,10
Wind_Turbine_(Denmark),2,0,-59.799344274887474,-57.9838337169232,4.08924200755893,0.9752174480080621,2.561599347367232,2.890269821635549,,,,,3.0407784494935113,2.4432964786936573,22.042554621668053,-16.1198162867074,,,,,10
Sorbitol,0,1,-15.410538094143241,-16.31192580547513,,2.0595614368540254,,,,,,,2.5884952149206644,10.586146026530862,,,,,,,4
Sorbitol,0,0,-23.684758242996327,-24.912169520756546,1.6326483976466641,2.0595614368540254,,,,,,,2.5884952149206644,9.333620544325028,,,,,,,4
Styrene,0,1,-30.990899292967782,-31.04498914391247,,3.1696856924223016,,,,,,,4.159784836774213,9.761968856625348,,,,,,,8
Styrene,0,0,-30.30429165526983,-30.145408571910156,1.772110620056019,3.1696856924223016,,,,,,,4.159784836774213,13.10737995971214,,,,,,,8
Styrene,1,0,-51.04931431838173,-50.73154815166239,1.3689918949420932,3.1696856924223016,3.8369933303138293,,,,,,4.159784836774213,5.771766298805647,28.025606998069318,,,,,,8
Aluminum,0,1,-37.3035098607901,-37.357599711734785,,3.4268556637770167,,,,,,,4.19187331534761,4.182813915958938,,,,,,,8
Aluminum,0,0,-39.1430181031071,-38.984135019747434,1.8358940613853263,3.4268556637770167,,,,,,,4.19187331534761,7.090927595076435,,,,,,,8
Aluminum,1,0,-54.2575822787021,-53.93981611198276,1.4991402595520347,3.4268556637770167,3.926220365217692,,,,,,4.19187331534761,0.9391507465727811,18.188107663024343,,,,,,8
CCGT_Power,0,1,-10.412225324443718,-10.802787412009618,,3.172013698328195,,,,,,,4.1029816313505645,-1.2591856522446099,,,,,,,6
CCGT_Power,0,0,-18.295091182517965,-18.711572244061855,2.413564543874564,3.172013698328195,,,,,,,4.1029816313505645,-6.293610677180594,,,,,,,6
BisphenolA,0,1,-26.927901751881024,-27.13614228265297,,1.9342673761457987,,,,,,,2.656533480647112,8.983647709049801,,,,,,,7
BisphenolA,0,0,-30.730902625204024,-30.839082327093397,1.8114241538890221,1.9342673761457987,,,,,,,2.656533480647112,11.423714082434767,,,,,,,7
BisphenolA,1,0,-40.19238344307641,-40.408742846855155,1.569843133998028,1.9342673761457987,2.39439602586027,,,,,,2.656533480647112,4.161800745231725,24.157592040466746,,,,,,7
EthyleneGlycol,0,1,-18.074577352908648,-18.465139440474548,,3.1506466766775714,,,,,,,3.9446475947299544,3.320437992678804,,,,,,,6
EthyleneGlycol,0,0,-27.041001278718284,-27.457482340262175,1.3716628712198546,3.1506466766775714,,,,,,,3.9446475947299544,7.087667341481307,,,,,,,6
Methanol,0,1,-27.078471132990387,-27.132560983935075,,2.6168254585171735,,,,,,,3.3829770731534863,11.989889271300068,,,,,,,8
Methanol,0,0,-34.88653007751038,-34.72764699415071,0.9925861487213664,2.6168254585171735,,,,,,,3.3829770731534863,9.403001105398555,,,,,,,8
CCGT_Electricity,0,1,-24.053519866719107,-24.444081954285007,,2.030741013606202,,,,,,,2.68693544891244,2.6222541745953953,,,,,,,6
CCGT_Electricity,0,0,-33.252937935156964,-33.669418996700855,0.673277266974864,2.030741013606202,,,,,,,2.68693544891244,1.783821950041864,,,,,,,6
Corn_(US),0,1,-29.68713130175246,-28.979081100650248,,2.9508888636773367,,,,,,,3.6441765072755983,11.618648816493094,,,,,,,16
Corn_(US),0,0,-45.08284577482759,-43.537668330348026,1.4247983139950857,2.9508888636773367,,,,,,,3.6441765072755983,8.604297365060598,,,,,,,16
PolyethyleneHD,0,1,-22.26756030486866,-22.321650155813348,,1.9814168766876536,,,,,,,3.3785453055924313,10.505830415954076,,,,,,,8
PolyethyleneHD,0,0,-22.516042382836694,-22.357159299477022,1.9602752931471428,1.9814168766876536,,,,,,,3.3785453055924313,12.137761205372088,,,,,,,8
PolyethyleneHD,1,0,-44.7517833521436,-44.43401718542425,1.6082142531882244,1.9814168766876536,2.8509132233358447,,,,,,3.3785453055924313,2.4011138099624185,27.460005059891778,,,,,,8
Hard_Disk_Drive,0,1,-9.719261856578102,-9.522037279241882,,3.135616361610583,,,,,,,5.81128753994511,45.41501436420475,,,,,,,10
Hard_Disk_Drive,0,0,-9.171662616440617,-8.566492430452525,4.551019576440661,3.135616361610583,,,,,,,5.81128753994511,50.24000859076826,,,,,,,10
Hard_Disk_Drive,1,0,-21.86484179492954,-20.654501422953356,2.1749187487369244,3.135616361610583,3.7575543984722257,,,,,,5.81128753994511,20.685548430770428,54.23534644173391,,,,,,10
Hard_Disk_Drive,2,0,-28.80800983341733,-26.992499275453056,2.3119932329225086,3.135616361610583,3.920314736136546,4.51239709818383,,,,,5.81128753994511,22.96196773401271,63.3619508486559,50.65970432162024,,,,,10
Hard_Disk_Drive,3,0,-59.08854092147389,-56.667860177521526,2.3119932329225104,3.135616361610583,3.9109714858119538,4.721759640036158,5.4342305181525825,,,,5.81128753994511,22.96196773401271,62.340475578205165,42.76589863988048,61.65167991725967,,,,10
Low_Density_Polyethylene,0,1,-31.08900719874812,-31.14309704969281,,2.278424186073559,,,,,,,3.610751263677857,12.64742968171909,,,,,,,8
Low_Density_Polyethylene,0,0,-41.511725064108,-41.35284198074833,0.14483927077843384,2.278424186073559,,,,,,,3.610751263677857,12.464491602411421,,,,,,,8
Low_Density_Polyethylene,1,0,-39.31371673477589,-38.99595056805654,0.0195514411121996,2.278424186073559,2.7021542272908965,,,,,,3.610751263677857,9.369503887647934,13.483146611496,,,,,,8
Urea,0,1,-27.219190929408455,-27.609753016974356,,2.9442185742543887,,,,,,,3.8174638919545765,0.9473500118819755,,,,,,,6
Urea,0,0,-34.48984836629778,-34.90632942784167,0.7576113059609415,2.9442185742543887,,,,,,,3.8174638919545765,2.4425703183930114,,,,,,,6
Urea,1,0,-37.98544623599616,-38.81840835908394,0.6271962756182589,2.9442185742543887,3.501437441219876,,,,,,3.8174638919545765,-0.38818846666486273,7.648397939858653,,,,,,6
Sodium,0,1,-50.085772227126554,-50.13986207807124,,2.9388145995043424,,,,,,,3.400432562859022,2.1426886912256915,,,,,,,8
Sodium,0,0,-58.00701154055159,-57.84812845719192,1.3332278556498283,2.9388145995043424,,,,,,,3.400432562859022,2.2144966849291015,,,,,,,8
Ethanolamine,0,1,-52.079336465764605,-51.99989492408477,,2.3268072136221662,,,,,,,3.0383937034958195,10.689885949807088,,,,,,,9
Ethanolamine,0,0,-66.83398327897916,-66.43953412430672,1.8252396512505387,2.3268072136221662,,,,,,,3.0383937034958195,11.129810410285835,,,,,,,9
SodiumChlorate,0,1,-38.6928527478039,-38.74694259874858,,2.211310863541545,,,,,,,2.9471254263107323,4.610274244555034,,,,,,,8
SodiumChlorate,0,0,-46.649031230427404,-46.490148147067735,1.0663456154321955,2.211310863541545,,,,,,,2.9471254263107323,3.998697160832765,,,,,,,8
Primary_Magnesium,0,1,-59.054626623827886,-58.110187644661444,,3.2209339401035244,,,,,,,5.692771294051839,9.674605298641737,,,,,,,20
Primary_Magnesium,0,0,-64.002753280592,-62.01128873348402,0.5887495676408061,3.2209339401035244,,,,,,,5.692771294051839,12.851551779299509,,,,,,,20
Primary_Magnesium,1,0,-64.57502085171438,-60.59209175749842,0.5163984602446751,3.2209339401035244,5.6561209511331825,,,,,,5.692771294051839,11.706750738625738,84.67555095150315,,,,,,20
Primary_Magnesium,3,0,-71.457175828109,-63.49131763967708,0.27248174376518663,3.2209339401035244,4.2385644595436665,4.73798843178209,5.642519763818294,,,,5.692771294051839,7.4516892633418985,27.68666372847992,2.1344539643453064,84.67555095150314,,,,20
NeopreneRubber,0,1,-43.73112521517148,-44.12168730273738,,2.871834368237582,,,,,,,3.3434180479799,0.3727856545908015,,,,,,,6
NeopreneRubber,0,0,-56.16268273729236,-56.57916379883625,1.6501106608304947,2.871834368237582,,,,,,,3.3434180479799,0.16250981505152584,,,,,,,6
Electric_Range,0,1,-57.18985398995703,-56.99262941262081,,0.6901960800285137,,,,,,,1.2227164711475833,4.645962489124711,,,,,,,10
Electric_Range,0,0,-68.14002843495811,-67.53485824897002,2.514940369959903,0.6901960800285137,,,,,,,1.2227164711475833,3.9966046609235195,,,,,,,10
Ethylene,0,1,-46.30198055725552,-46.3560704082002,,1.1034257431759258,,,,,,,1.6011791275389127,8.687866855342975,,,,,,,8
Ethylene,0,0,-56.446645766201925,-56.287762682842256,-1.1137349681622801,1.1034257431759258,,,,,,,1.6011791275389127,9.845849373382965,,,,,,,8
Nuclear_Power_(OECD),0,1,-56.94201654812022,-56.86257500644039,,1.8756399370041683,,,,,,,2.281260687055013,4.515312562105489,,,,,,,9
Nuclear_Power_(OECD),0,0,-70.36625028220183,-69.97180112752939,0.6236856477936003,1.8756399370041683,,,,,,,2.281260687055013,4.436126988347045,,,,,,,9
AcrylicFiber,0,1,-24.849263848184727,-25.239825935750627,,2.3028221941526525,,,,,,,3.058436290695174,13.763978806643351,,,,,,,6
AcrylicFiber,0,0,-35.09159726963044,-35.50807833117433,2.595879158123886,2.3028221941526525,,,,,,,3.058436290695174,13.251385577221587,,,,,,,6
Formaldehyde,0,1,-21.254431225343453,-21.644993312909353,,3.284659339935264,,,,,,,4.218020914874803,7.208537463159937,,,,,,,6
Formaldehyde,0,0,-30.252212827279678,-30.66869388882357,0.91187711347331,3.284659339935264,,,,,,,4.218020914874803,8.06187160509355,,,,,,,6
Wheat_(US),0,1,-195.44709266190875,-193.1985974198594,,3.573036381305641,,,,,,,4.663996816440017,-18.648957605143757,,,,,,,71
Wheat_(US),0,0,-244.63605620401103,-240.11069644992838,2.054771302443092,3.573036381305641,,,,,,,4.663996816440017,2.9780290174870383,,,,,,,71
Offshore_Gas_Pipeline,0,1,9.828401830467072,9.437839742901172,,1.8660550665256193,,,,,,,2.8205696985162234,-58.733605991437024,,,,,,,6
Offshore_Gas_Pipeline,0,0,7.090988910826259,6.674507849282369,0.9762642848475256,1.8660550665256193,,,,,,,2.8205696985162234,14.343389273081675,,,,,,,6
Benzene,0,1,-28.739333679611377,-28.793423530556066,,0.5005109105263371,,,,,,,0.7148325124333327,44.25717198484508,,,,,,,8
Benzene,0,0,-39.754970467128,-39.59608738376833,0.19438482331667933,0.5005109105263371,,,,,,,0.7148325124333327,50.96739413211628,,,,,,,8
Ethanol_(Brazil),0,1,-35.30395105341697,-34.906055780618594,,3.870860922073174,,,,,,,5.031007566156589,14.653779628774355,,,,,,,12
Ethanol_(Brazil),0,0,-40.07402052449349,-39.10420722491749,2.651104001611449,3.870860922073174,,,,,,,5.031007566156589,18.890396987068325,,,,,,,12
Ethanol_(Brazil),1,0,-44.45233956739537,-42.51271296824337,1.8530165458859185,3.870860922073174,4.385907118488929,,,,,,5.031007566156589,7.297358307320334,25.163586593075227,,,,,,12
IsopropylAlcohol,0,1,-16.473451032899874,-17.374838744231763,,3.1652985111508,,,,,,,3.7937542532040105,3.1288106582578745,,,,,,,4
IsopropylAlcohol,0,0,-26.480758016145145,-27.708169293905364,0.9864406033874662,3.1652985111508,,,,,,,3.7937542532040105,3.8348072905348807,,,,,,,4
Wind_Power,0,1,-10.467073819778747,-10.387632278098911,,1.4351743816206133,,,,,,,3.203369619754297,10.873717678514572,,,,,,,9
Wind_Power,0,0,-15.767960411214172,-15.373511256541732,0.889036952745558,1.4351743816206133,,,,,,,3.203369619754297,14.196346462554764,,,,,,,9
Ford_Model-T,0,1,-10.92471862366807,-11.826106334999961,,-1.8239087409443189,,,,,,,-0.5228787452803376,10.672781599192483,,,,,,,4
Ford_Model-T,0,0,-18.849173499504136,-20.076584777264355,3.1525829146853166,-1.8239087409443189,,,,,,,-0.5228787452803376,11.621723529551897,,,,,,,4
Polystyrene,0,1,-37.44103571390019,-37.04314044110182,,1.4901550529482315,,,,,,,3.2516172933605723,6.847134962489387,,,,,,,12
Polystyrene,0,0,-39.13269765458574,-38.16288435500974,-0.2093587201159053,1.4901550529482315,,,,,,,3.2516172933605723,4.527078546280039,,,,,,,12
Polystyrene,1,0,-46.45337818848736,-44.513751589335364,0.03741070390234458,1.4901550529482315,2.30697811384628,,,,,,3.2516172933605723,13.067756216081882,-2.5280249181589554,,,,,,12
Polystyrene,2,0,-58.08998647840653,-55.18054657967853,0.0374107039023448,1.4901550529482315,2.434996462278474,2.785204555197736,,,,,3.2516172933605723,13.067756216081893,-21.15692061836667,9.270126181418902,,,,,12
Phenol,0,1,-17.49396688259658,-17.702207413368527,,2.941600434771859,,,,,,,3.756550848215854,11.214747716237028,,,,,,,7
Phenol,0,0,-21.784969576725175,-21.893149278614548,2.0475047667008166,2.941600434771859,,,,,,,3.756550848215854,17.763899729405185,,,,,,,7
Beer_(Japan),0,1,-31.716355641048096,-31.770445491992785,,2.6503815030236098,,,,,,,3.545069012136807,9.000182790856194,,,,,,,8
Beer_(Japan),0,0,-43.225305280102084,-43.066422196742415,2.1573092339144373,2.6503815030236098,,,,,,,3.545069012136807,7.292966643954113,,,,,,,8
Free_Standing_Gas_Range,0,1,-44.57107346754755,-44.37384889021133,,1.5403294747908738,,,,,,,1.7474118078864234,14.772914885446065,,,,,,,10
Free_Standing_Gas_Range,0,0,-52.66448038669583,-52.059310200707735,2.5199972012399368,1.5403294747908738,,,,,,,1.7474118078864234,17.82987528452338,,,,,,,10
