index,Tech,n_breaks,First Diff.,AIC,BIC,Intercept,Initial production,Breakpoint 1,Breakpoint 2,Breakpoint 3,Breakpoint 4,Breakpoint 5,Breakpoint 6,Final production,LR 1,LR 2,LR 3,LR 4,LR 5,LR 6,LR 7,Number of observations
0,Wind_Turbine_2_(Germany),0,1,-38.79574385498776,-38.31083720519976,,0.6130071420551685,,,,,,,3.378716165494427,2.054491456831764,,,,,,,13
1,Wind_Turbine_2_(Germany),0,0,-40.38440180903898,-39.25450309411591,3.5084609364681,0.6130071420551685,,,,,,,3.378716165494427,4.901616268960796,,,,,,,13
2,Wind_Turbine_2_(Germany),1,0,-39.42316969618269,-37.16337226633655,3.39900249787702,0.6130071420551685,1.3193930469020658,,,,,,3.378716165494427,-2.218704193630816,6.283137402558192,,,,,,13
3,Wind_Turbine_2_(Germany),2,0,-54.29029884100655,-50.90060269623733,3.399002497877018,0.6130071420551685,1.723354203665157,2.622680017970441,,,,,3.378716165494427,-2.2187041936308383,15.478209251886144,-6.664046907132137,,,,,13
4,Wind_Turbine_2_(Germany),3,0,-45.819992358367074,-41.30039749867478,3.390455933337099,0.6130071420551685,1.5210845325313078,2.733324113302324,3.069731457638645,,,,3.378716165494427,-2.9187387341135684,11.576063490625168,-10.117420376475073,-3.412408865908501,,,,13
5,Caprolactam,0,1,-37.4418668270818,-37.13928173408775,,2.2835744806987583,,,,,,,3.566969967972124,19.0331791306934,,,,,,,11
6,Caprolactam,0,0,-37.9841159938929,-37.18832544829616,2.610308458148298,2.2835744806987583,,,,,,,3.566969967972124,24.61989806049121,,,,,,,11
7,Fotovoltaica,0,1,-156.6279363943568,-154.73611609624618,,-2.636811563395229,,,,,,,3.780605464740647,23.48791519071084,,,,,,,50
8,Fotovoltaica,0,0,-20.40462276329505,-16.58057675243876,2.0024206326951006,-2.636811563395229,,,,,,,3.780605464740647,29.1253967447524,,,,,,,50
9,Fotovoltaica,1,0,-66.16566423549291,-58.517572213780326,1.905950282319938,-2.636811563395229,1.5258212108939562,,,,,,3.780605464740647,35.00123920880205,14.449925884952664,,,,,,50
10,Fotovoltaica,2,0,-130.10121534467947,-118.6290773121106,2.56374816600403,-2.636811563395229,-1.1070473997380932,0.4390189493125465,,,,,3.780605464740647,17.393362448502316,49.20351256615895,18.18028600194096,,,,,50
11,Fotovoltaica,3,0,-158.3426935567565,-143.04650951333133,2.512352309690084,-2.636811563395229,-1.0045494531659651,0.2462484308771186,3.12000504740716,,,,3.780605464740647,18.694552961825085,51.879079311635714,20.921506642528897,-4.860085277785853,,,,50
12,Fotovoltaica,4,0,-178.18836898876862,-159.06813893448717,2.5844576355252937,-2.636811563395229,-1.2544445117961138,-0.4378928324476923,0.0979434623479164,3.120005047407157,,,3.780605464740647,16.875441564240646,41.385023579891126,61.95573931583439,20.921506642529984,-4.8600852777844095,,,50
13,Fotovoltaica,5,0,-190.4272211755377,-167.48294511039998,2.584457635525295,-2.636811563395229,-1.2544445117961096,-0.4076992781778218,-0.0426082264965072,1.3686892740985712,3.2156364530267085,,3.780605464740647,16.875441564240624,41.38502357989109,66.55649899207432,26.31720705475512,18.68380387336194,-6.607547719735485,,50
14,Fotovoltaica,6,0,-188.46529242632312,-161.69697035032908,2.5844576355252897,-2.636811563395229,-1.2544445117961096,-0.407699278177823,-0.0516858264124052,0.8180443016348135,1.891713236380608,3.2397047087658923,3.780605464740647,16.87544156424069,41.385023579891,66.55649899207422,27.577570299494848,22.76600015178247,17.751164440896105,-6.6075477197357735,50
15,Crude_Oil,0,1,-92.4939605254027,-91.44943808767928,,2.0019857758304167,,,,,,,2.1835496633683675,11.548819638961538,,,,,,,22
16,Crude_Oil,0,0,-98.05841179345832,-95.87632688674172,1.5348443189628664,2.0019857758304167,,,,,,,2.1835496633683675,29.915485786583773,,,,,,,22
17,Photovoltaics_2,0,1,-103.56382338083355,-102.09808747803385,,5.880298346279688,,,,,,,9.506588193036045,20.77169864478125,,,,,,,33
18,Photovoltaics_2,0,0,-57.56229893902833,-54.56928381609537,3.768506648905478,5.880298346279688,,,,,,,9.506588193036045,27.448935001972764,,,,,,,33
19,Photovoltaics_2,1,0,-64.12098755046097,-58.13495730459505,3.974917654432319,5.880298346279688,9.08178321995277,,,,,,9.506588193036045,28.83082856771069,-3.9549820079616937,,,,,,33
20,Photovoltaics_2,2,0,-107.32048834472926,-98.34144297593038,1.9148078689444448,5.880298346279688,7.118036252362856,8.739873864485409,,,,,9.506588193036045,11.538642135701128,36.523156006128666,7.330531369657711,,,,,33
21,Photovoltaics_2,3,0,-116.3580953618594,-104.38603487012756,1.9295139085669413,5.880298346279688,7.176713718592761,8.359895788412349,9.07217834359434,,,,9.506588193036045,11.683174025029286,38.46696870331476,25.82296230913763,-6.889182043781106,,,,33
22,Onshore_Gas_Pipeline,0,1,-31.071096981389843,-30.58619033160184,,1.5190270600153564,,,,,,,1.776613401326307,19.34588120239703,,,,,,,13
23,Onshore_Gas_Pipeline,0,0,-31.985081415488303,-30.85518270056523,3.4753236147341053,1.5190270600153564,,,,,,,1.776613401326307,16.831832325820205,,,,,,,13
24,Titanium_Sponge,0,1,-58.32617057261959,-57.49295722856337,,2.8240889861252847,,,,,,,5.135479132337903,15.681489735026233,,,,,,,18
25,Titanium_Sponge,0,0,-33.856547319006886,-32.075803803214555,1.9946976398960048,2.8240889861252847,,,,,,,5.135479132337903,22.97883152608637,,,,,,,18
26,Titanium_Sponge,1,0,-68.29215063147845,-64.73066359989379,0.829725356844136,2.8240889861252847,3.860760597726076,,,,,,5.135479132337903,1.5768114925514776,33.7422188062875,,,,,,18
27,Titanium_Sponge,2,0,-71.5181880401044,-66.17595749272742,0.8297253568441327,2.8240889861252847,3.90098735394948,4.940324125645063,,,,,5.135479132337903,1.5768114925513887,35.575958896272,15.607168608038592,,,,,18
28,Wind_Electricity,0,1,-78.16672188671727,-77.12219944899384,,3.7278706520395737,,,,,,,7.916108381440494,3.784704824676655,,,,,,,22
29,Wind_Electricity,0,0,-46.91089537432988,-44.72881046761325,2.126585360363224,3.7278706520395737,,,,,,,7.916108381440494,11.345811888178105,,,,,,,22
30,Wind_Electricity,1,0,-68.89923885848552,-64.53506904505225,1.8387370764111288,3.7278706520395737,6.754317626554849,,,,,,7.916108381440494,7.389452299697319,23.38557983111681,,,,,,22
31,Wind_Electricity,2,0,-69.54273595785085,-62.99648123770096,1.846039218052085,3.7278706520395737,6.918547648986355,7.499235115966066,,,,,7.916108381440494,7.498866472973553,30.0753667282344,12.906114801266888,,,,,22
32,Milk_(US),0,1,-459.9651091428741,-457.6213037210204,,5.81109776828194,,,,,,,7.028241597187251,15.40315640352472,,,,,,,78
33,Milk_(US),0,0,-180.26271334540425,-175.54929569202503,6.602438865502514,5.81109776828194,,,,,,,7.028241597187251,37.89078441640401,,,,,,,78
34,Milk_(US),1,0,-480.706340488329,-471.2795051815706,3.3003411301278303,5.81109776828194,6.463448696143932,,,,,,7.028241597187251,10.258338197443418,52.47618061289116,,,,,,78
35,HydrofluoricAcid,0,1,-51.333373976284406,-51.03078888329036,,2.385089564478861,,,,,,,3.454724621297743,2.6757850759737023,,,,,,,11
36,HydrofluoricAcid,0,0,-57.19307390442327,-56.39728335882653,1.177090780868527,2.385089564478861,,,,,,,3.454724621297743,0.7941458874294205,,,,,,,11
37,HydrofluoricAcid,1,0,-58.985077215617736,-57.39349612442425,1.3103662950561268,2.385089564478861,3.0201517780141853,,,,,,3.454724621297743,4.142890036465962,-3.881164276896532,,,,,,11
38,Transistor,0,1,-64.83482584502566,-63.25130690656955,,0.5431479942360623,,,,,,,9.755438023037494,44.56605223001632,,,,,,,37
39,Transistor,0,0,-43.33402328937678,-40.11218746408833,0.7815943560618572,0.5431479942360623,,,,,,,9.755438023037494,43.02564102249898,,,,,,,37
40,Transistor,1,0,-56.18505737284568,-49.74138572226878,1.0973441420307215,0.5431479942360623,2.6097329873074995,,,,,,9.755438023037494,49.32345898192438,41.9541457899734,,,,,,37
41,Transistor,2,0,-79.2396768505669,-69.57416937470154,1.0555174324904864,0.5431479942360623,3.510880604039269,7.863581592515066,,,,,9.755438023037494,48.216602494277694,39.66023599316275,48.62929068111317,,,,,37
42,Transistor,3,0,-84.11997861886803,-71.23263531771424,1.1141830721715842,0.5431479942360623,2.7328233349770845,7.100795064640795,7.591556985614778,,,,9.755438023037494,49.86015890703303,41.32058043072778,23.560715620508343,49.35432675779493,,,,37
43,Transistor,4,0,-80.61989385173615,-64.51071472529391,1.0436412699194126,0.5431479942360623,3.6027926892248487,6.269015271083156,7.010063900283651,7.579000157570052,,,9.755438023037494,47.91040517587266,39.70413368336138,46.03035569253636,20.964606765493052,49.35432675779472,,,37
44,Transistor,5,0,-77.98467666164046,-58.65366170990977,1.1355606541873564,0.5431479942360623,1.423650867823819,3.75101442114085,6.327607276195064,6.773019298252176,7.631989665703901,,9.755438023037494,51.06283658808154,46.92819455025506,39.44645741036813,52.25550668787107,27.448914947832986,49.354326757794894,,37
45,CarbonDisulfide,0,1,-38.32904761611482,-38.1318230387786,,2.964880919887962,,,,,,,3.876086059583858,4.102102756620141,,,,,,,10
46,CarbonDisulfide,0,0,-40.51686509748278,-39.911694911494685,0.8808382404832987,2.964880919887962,,,,,,,3.876086059583858,5.507519516115966,,,,,,,10
47,Primary_Aluminum,0,1,-146.3391897884568,-144.7016036287304,,2.6877544477235684,,,,,,,4.606324956021417,11.035426400489046,,,,,,,39
48,Primary_Aluminum,0,0,-85.26897797908444,-81.94185468682515,0.2627566956102881,2.6877544477235684,,,,,,,4.606324956021417,13.830001611692666,,,,,,,39
49,Primary_Aluminum,1,0,-121.69418451395558,-115.039937929437,0.932939382115668,2.6877544477235684,3.674822968468042,,,,,,4.606324956021417,25.694222198316897,-0.5181153137478356,,,,,,39
50,Primary_Aluminum,2,0,-140.24928524820334,-130.26791537142546,0.9871532870467634,2.6877544477235684,3.7557645577743135,4.16196123240237,,,,,4.606324956021417,26.625813638157013,-24.52189524431088,19.021511952958768,,,,,39
51,Primary_Aluminum,4,0,-152.68770224079233,-136.05208577949588,-0.4591244977892632,2.6877544477235684,2.974971216870886,3.3184428905597594,3.7576290463474726,4.16196123240237,,,4.606324956021417,-4.191643042808302,38.79166482126743,22.762754961829444,-24.52189524431074,19.021511952958797,,,39
52,Acrylonitrile,0,1,-43.56707989240714,-43.00213053494561,,2.530383855701768,,,,,,,3.9451752033255616,21.023866367688196,,,,,,,14
53,Acrylonitrile,0,0,-48.78840627234948,-47.51029161311896,2.1915202780766547,2.530383855701768,,,,,,,3.9451752033255616,19.444070660296685,,,,,,,14
54,Acrylonitrile,1,0,-45.19733021502879,-42.64110089656775,2.121552870167231,2.530383855701768,3.410144795565048,,,,,,3.9451752033255616,18.10700373241412,21.5013471713706,,,,,,14
55,Photovoltaics_4,0,1,-102.07445329508904,-100.7786164290847,,0.3209608969751543,,,,,,,3.240562707188149,28.3205755386874,,,,,,,28
56,Photovoltaics_4,0,0,-64.818515276473,-62.15410625612259,1.825241002393582,0.3209608969751543,,,,,,,3.240562707188149,25.05771483494067,,,,,,,28
57,Photovoltaics_4,1,0,-119.84802264815966,-114.51920460745885,2.2017790825228856,0.3209608969751543,0.8958757089700466,,,,,,3.240562707188149,48.706872734663634,21.28166024197453,,,,,,28
58,Photovoltaics_4,2,0,-125.85389153447936,-117.86066447342816,2.2398474540558944,0.3209608969751543,0.7661526375958365,1.8933445048385067,,,,,3.240562707188149,51.698060871575336,24.82275746910488,19.66276278988484,,,,,28
59,PolyesterFiber,0,1,-37.644615641569246,-37.15970899178125,,2.054367295134734,,,,,,,3.912356834199412,18.84742347028108,,,,,,,13
60,PolyesterFiber,0,0,-33.71459711454643,-32.58469839962336,3.0139164064521675,2.054367295134734,,,,,,,3.912356834199412,23.31665656121573,,,,,,,13
61,PolyesterFiber,1,0,-58.21052195052761,-55.95072452068146,2.2576206651113706,2.054367295134734,2.7239220272954605,,,,,,3.912356834199412,4.991877418512836,29.27911463522692,,,,,,13
62,PolyesterFiber,2,0,-55.59439459868892,-52.2046984539197,2.2576206651113657,2.054367295134734,2.743624941484345,3.64516319566299,,,,,3.912356834199412,4.991877418512636,30.3799974485542,24.340812480027484,,,,,13
63,Geothermal_Electricity,0,1,-136.51812582766428,-135.29925000279607,,6.749824565866473,,,,,,,8.496649985985119,12.615223521757946,,,,,,,26
64,Geothermal_Electricity,0,0,-87.1510635973054,-84.63487052126243,3.4095087723354283,6.749824565866473,,,,,,,8.496649985985119,20.30069467777817,,,,,,,26
65,Geothermal_Electricity,1,0,-143.4578651875638,-138.42547903547788,2.5573567680084404,6.749824565866473,8.01020549193749,,,,,,8.496649985985119,13.680262012681943,33.52910231698556,,,,,,26
66,Geothermal_Electricity,2,0,-156.0375198998692,-148.48894067174032,2.1871689823159524,6.749824565866473,7.559838289953246,8.212726624400299,,,,,8.496649985985119,10.51063244507836,20.653782035223035,38.33391996616188,,,,,26
67,Solar_Thermal,0,1,-9.861125900329064,-9.781684358649228,,1.843819745203394,,,,,,,2.626046905040928,3.600841185847492,,,,,,,9
68,Solar_Thermal,0,0,-18.00318884706488,-17.60873969239244,4.35676700616318,1.843819745203394,,,,,,,2.626046905040928,16.394344394417338,,,,,,,9
69,Cyclohexane,0,1,-69.75009728287601,-68.97750856063624,,1.9777825815576693,,,,,,,3.485439313356928,12.616567093377618,,,,,,,17
70,Cyclohexane,0,0,-65.20177907170302,-63.535352383590585,1.288201190917384,1.9777825815576693,,,,,,,3.485439313356928,15.044980485143466,,,,,,,17
71,Cyclohexane,1,0,-77.30479326169765,-73.97193988547279,1.143743941714252,1.9777825815576693,3.1552626591683515,,,,,,3.485439313356928,11.52696355552395,29.431014449862975,,,,,,17
72,Cyclohexane,2,0,-76.4982646994062,-71.49898463506891,0.9489569226401208,1.9777825815576693,2.47051178911044,3.319446275805114,,,,,3.485439313356928,5.991810641806461,15.452965192818214,36.81557314101045,,,,,17
73,DRAM,0,1,-26.173125321701697,-24.61777726021228,,-2.168832446932043,,,,,,,6.9390449806157095,40.02783231433893,,,,,,,36
74,DRAM,0,0,2.2714552419056204,5.43849311881784,0.0236650021538512,-2.168832446932043,,,,,,,6.9390449806157095,39.07680694695501,,,,,,,36
75,DRAM,1,0,-26.471640818584014,-20.13756506475957,-0.0213655106189024,-2.168832446932043,4.269431846067249,,,,,,6.9390449806157095,35.82250984198424,48.68718265723463,,,,,,36
76,DRAM,2,0,-29.89622548660665,-20.395111855869985,-0.0204080161867275,-2.168832446932043,4.471006330502795,4.937598393776089,,,,,6.9390449806157095,35.36815384886415,68.7510509058109,42.297985771663264,,,,,36
77,DRAM,3,0,-40.29732581617729,-27.62917430852841,-0.0459319085770911,-2.168832446932043,2.3026169724650427,4.283043871226999,4.937598393776087,,,,6.9390449806157095,37.92151115288832,26.779233939558388,68.75105090581104,42.29798577166337,,,,36
78,DRAM,4,0,-38.88437215283447,-23.049182768273376,-0.4131512786080796,-2.168832446932043,-1.1421401901475414,3.7001516512665966,4.267731956776201,4.88932654423797,,,6.9390449806157095,46.70228510495511,35.042882921423754,3.583237866650779,72.57769645862162,42.29798577166341,,,36
79,DRAM,5,0,-35.217069704832866,-16.214842443359544,0.1969413220714795,-2.168832446932043,-1.8450648601645752,-1.227557117224369,3.705568707821184,4.267731956776198,4.889326544237969,,6.9390449806157095,34.430722722688536,51.88428833818809,34.939545823902385,3.583237866650013,72.57769645862156,42.29798577166325,,36
80,SodiumHydrosulfite,0,1,-31.04703589929136,-30.967594357611524,,1.874137379172136,,,,,,,2.578456539191699,2.7750576028349405,,,,,,,9
81,SodiumHydrosulfite,0,0,-38.16672334539183,-37.77227419071939,1.5727430239993705,1.874137379172136,,,,,,,2.578456539191699,6.630847532860962,,,,,,,9
82,EthylAlcohol,0,1,-60.72596146043901,-60.08690413082376,,2.946721343910557,,,,,,,3.670055378360996,1.0457167756255492,,,,,,,15
83,EthylAlcohol,0,0,-54.66079246575096,-53.24469206354654,1.075966039707676,2.946721343910557,,,,,,,3.670055378360996,6.200050808329294,,,,,,,15
84,EthylAlcohol,1,0,-71.07870435575884,-68.24650355135,0.3223388264825345,2.946721343910557,3.366453247493828,,,,,,3.670055378360996,-10.69932668083493,23.726768177444068,,,,,,15
85,Ethanol_2,0,1,-56.85863840477886,-56.08604968253908,,1.4359806059181257,,,,,,,2.9489483271477783,14.464801283306317,,,,,,,17
86,Ethanol_2,0,0,-52.89439457633232,-51.22796788821989,2.670203359234025,1.4359806059181257,,,,,,,2.9489483271477783,18.087520183913973,,,,,,,17
87,Ethanol_2,1,0,-72.50928498172624,-69.17643160550138,2.4241207950049244,1.4359806059181257,2.403511002906474,,,,,,2.9489483271477783,10.20475423898406,30.250471446174387,,,,,,17
88,Monochrome_Television,0,1,-79.64910091029174,-78.65336863673774,,2.4249037501834367,,,,,,,4.103633168569454,13.917236871217897,,,,,,,21
89,Monochrome_Television,0,0,-69.44473206000883,-67.35568718456199,3.2306144812277364,2.4249037501834367,,,,,,,4.103633168569454,18.80019728987875,,,,,,,21
90,Monochrome_Television,1,0,-88.31194064631687,-84.13385089542318,2.8515496392807798,2.4249037501834367,3.4092396596407726,,,,,,4.103633168569454,11.074808469031606,26.95613865436408,,,,,,21
91,Monochrome_Television,2,0,-92.39795658365284,-86.13082195731229,2.8815488308073145,2.4249037501834367,3.3632081024372145,3.918189734724205,,,,,4.103633168569454,11.768998079379624,22.823809384951097,39.68639754484565,,,,,21
92,Polyvinylchloride,0,1,-85.05505634342354,-84.01053390570011,,2.485690702244294,,,,,,,4.266466386437016,14.56889462368115,,,,,,,22
93,Polyvinylchloride,0,0,-46.63691462325444,-44.45482971653781,0.8051521655816565,2.485690702244294,,,,,,,4.266466386437016,23.571431053787062,,,,,,,22
94,Polyvinylchloride,1,0,-101.109026861083,-96.74485704764976,-0.2254813059479877,2.485690702244294,3.301258511300869,,,,,,4.266466386437016,2.5886934147789087,34.495335128637905,,,,,,22
95,Nuclear_Electricity,0,1,-34.512701469227295,-33.56826249006085,,4.071279266590245,,,,,,,5.033857537699912,-85.40073317757944,,,,,,,20
96,Nuclear_Electricity,0,0,-42.72831440786342,-40.73684986075544,-4.620083616873173,4.071279266590245,,,,,,,5.033857537699912,-104.09040499439178,,,,,,,20
97,Nuclear_Electricity,1,0,-41.702739693659,-37.71981059944304,-5.196615400840916,4.071279266590245,4.6629904904058215,,,,,,5.033857537699912,-123.77038554327746,-72.87837195471457,,,,,,20
98,PolyethyleneLD,0,1,-51.96107904882962,-51.32202171921436,,2.9845443890474828,,,,,,,4.533373386035311,17.101551170892492,,,,,,,15
99,PolyethyleneLD,0,0,-56.665008374785046,-55.24890797258063,2.698613874092932,2.9845443890474828,,,,,,,4.533373386035311,22.67984901036689,,,,,,,15
100,PolyethyleneLD,1,0,-56.17437570806119,-53.34217490365235,2.555163507907296,2.9845443890474828,4.065193697605594,,,,,,4.533373386035311,20.45661075968904,27.992618093776013,,,,,,15
101,Solar_Thermal_Electricity,0,1,-9.48991930620237,-9.880481393768273,,1.4027714750855362,,,,,,,2.455270830077084,-2.775900104235185,,,,,,,6
102,Solar_Thermal_Electricity,0,0,-13.298949071259898,-13.715430132803789,0.8352592359786768,1.4027714750855362,,,,,,,2.455270830077084,4.708184761515966,,,,,,,6
103,Solar_Thermal_Electricity,1,0,-14.961967939970457,-15.794930063058237,0.4948553370895981,1.4027714750855362,2.01508845252612,,,,,,2.455270830077084,-10.127298143841546,23.59357502239061,,,,,,6
104,Polypropylene,0,1,-33.4366658657413,-33.35722432406146,,1.4928115977940668,,,,,,,3.3731150557557097,12.078849206521848,,,,,,,9
105,Polypropylene,0,0,-37.806563999915696,-37.41211484524326,-0.0445172053235866,1.4928115977940668,,,,,,,3.3731150557557097,14.165166515769334,,,,,,,9
106,Polypropylene,1,0,-35.561145756427734,-34.772247447082854,-0.0194738029374862,1.4928115977940668,3.158283401131821,,,,,,3.3731150557557097,14.86844026368892,3.653903064611719,,,,,,9
107,Polypropylene,2,0,-53.317013714992825,-52.13366625097551,-0.1838671150512334,1.4928115977940668,2.323154240212097,3.043362554852889,,,,,3.3731150557557097,9.397957937184689,20.67045116280377,1.610626605769594,,,,,9
108,Polypropylene,3,0,-53.41050239425674,-51.83270577556698,-0.2471264753733225,1.4928115977940668,1.9791576222833192,2.426813681624996,3.043362554852889,,,,3.3731150557557097,6.904499494003868,14.06165720787974,20.67045116280376,1.6106266057695715,,,,9
109,Laser_Diode,0,1,-18.84423713044697,-18.4463418576486,,-0.0124024199352916,,,,,,,3.924324359678968,17.06698902882673,,,,,,,12
110,Laser_Diode,0,0,-17.230452029104697,-16.260638729528697,3.555480287125348,-0.0124024199352916,,,,,,,3.924324359678968,21.985403377442047,,,,,,,12
111,Laser_Diode,1,0,-25.203731320030087,-23.264104720878088,3.456065735566728,-0.0124024199352916,2.1527570558683906,,,,,,3.924324359678968,15.094638922725212,29.31918494643873,,,,,,12
112,Laser_Diode,2,0,-30.48521740093828,-27.57577750221028,3.456065735566728,-0.0124024199352916,2.4443846251494907,3.3561077687611105,,,,,3.924324359678968,15.094638922725212,38.32853003610551,12.964952879369896,,,,,12
113,Laser_Diode,3,0,-27.1904453837097,-23.311192185405694,3.4560657355667286,-0.0124024199352916,2.4387100982784378,3.290608225711296,3.7134349325425062,,,,3.924324359678968,15.094638922725256,37.81691702826394,21.84198742747855,-4.2188474935755954e-13,,,,12
114,Trichloroethane,0,1,-22.109560681174024,-22.31780121194597,,2.235034247799735,,,,,,,3.3116064696367618,5.41469419567866,,,,,,,7
115,Trichloroethane,0,0,-23.84277267334205,-23.950952375231427,1.4187479936683591,2.235034247799735,,,,,,,3.3116064696367618,9.89973191383805,,,,,,,7
116,Trichloroethane,1,0,-41.1559985492285,-41.372357953007246,1.1073923616012136,2.235034247799735,2.961889442301465,,,,,,3.3116064696367618,1.8824371502252248,25.771776221183902,,,,,,7
117,Electric_Power,0,1,-139.62483901354466,-138.29263450336944,,2.609651560610097,,,,,,,4.1591776441939015,23.203600329313332,,,,,,,29
118,Electric_Power,0,0,-124.5294340850767,-121.79484242510377,0.400509131411548,2.609651560610097,,,,,,,4.1591776441939015,19.33973446635273,,,,,,,29
119,Electric_Power,1,0,-147.95553279540306,-142.48634947545716,0.8038658254533443,2.609651560610097,3.249976645093975,,,,,,4.1591776441939015,26.511599708713952,15.77173244321135,,,,,,29
120,Electric_Power,2,0,-148.7066768065064,-140.50290182658756,0.7820753002948937,2.609651560610097,3.206109979310144,3.720779486160207,,,,,4.1591776441939015,26.113096336632147,18.47847815422864,12.507249626217645,,,,,29
121,Magnesium,0,1,-98.13413185963586,-97.2437601017397,,2.4553746568410872,,,,,,,3.210679047105061,-6.7892376001423616,,,,,,,19
122,Magnesium,0,0,-77.165371447101,-75.27649348876811,1.7366057415737446,2.4553746568410872,,,,,,,3.210679047105061,4.823493143966607,,,,,,,19
123,Magnesium,1,0,-107.4725625384166,-103.69480662175084,1.1015169808846537,2.4553746568410872,2.851720126173326,,,,,,3.210679047105061,-12.1364826936619,17.825067725100972,,,,,,19
124,Shotgun_Sanger_DNA_Sequencing,0,1,-65.08933100281104,-63.91127717246309,,7.510554661087867,,,,,,,9.355127402116894,25.92477862899374,,,,,,,25
125,Shotgun_Sanger_DNA_Sequencing,0,0,-41.29905524479608,-38.86130359505968,4.365784045388934,7.510554661087867,,,,,,,9.355127402116894,29.225094070001656,,,,,,,25
126,Pentaerythritol,0,1,-80.03747632121545,-79.04174404766145,,2.2388802637589955,,,,,,,3.186711334700172,20.07561624108334,,,,,,,21
127,Pentaerythritol,0,0,-72.68412820617407,-70.59508333072722,2.5272272470601638,2.2388802637589955,,,,,,,3.186711334700172,23.772967573577308,,,,,,,21
128,Pentaerythritol,1,0,-83.5565187611458,-79.3784290102521,2.1039505319282763,2.2388802637589955,2.809762023573886,,,,,,3.186711334700172,14.415107418705864,35.076940363280585,,,,,,21
129,Ethylene_2,0,1,-47.574970090157336,-47.090063440369335,,3.6264499256521328,,,,,,,5.11444773362905,7.794672939995328,,,,,,,13
130,Ethylene_2,0,0,-39.00772219205758,-37.877823477134505,1.6219078754163951,3.6264499256521328,,,,,,,5.11444773362905,14.636587175634483,,,,,,,13
131,Ethylene_2,1,0,-68.06940092155756,-65.80960349171141,0.8922213117795404,3.6264499256521328,4.495413412185103,,,,,,5.11444773362905,3.376509232742797,26.427893942837667,,,,,,13
132,Ethylene_2,2,0,-65.80584267372379,-62.41614652895457,0.866238373794377,3.6264499256521328,4.291117104244583,4.668601185883093,,,,,5.11444773362905,2.9018870296235177,12.794375777018583,29.2030175603491,,,,,13
133,VinylAcetate,0,1,-45.27470689383591,-44.78980024404791,,2.5119212716417287,,,,,,,3.840107875017155,14.680987198334394,,,,,,,13
134,VinylAcetate,0,0,-37.3709047860258,-36.24100607110272,2.005848855332309,2.5119212716417287,,,,,,,3.840107875017155,18.544729834198527,,,,,,,13
135,VinylAcetate,1,0,-64.88111074251961,-62.621313312673465,1.7083671224579984,2.5119212716417287,3.617466963444184,,,,,,3.840107875017155,12.716535959599296,52.09555956569978,,,,,,13
136,CarbonBlack,0,1,-53.12272353536233,-53.0432819936825,,3.211922707582875,,,,,,,4.361440844178008,1.4060503512635991,,,,,,,9
137,CarbonBlack,0,0,-58.37484798935283,-57.98039883468039,0.9781103540178488,3.211922707582875,,,,,,,4.361440844178008,2.390911850093236,,,,,,,9
138,CarbonBlack,1,0,-69.3800126940329,-68.59111438468803,0.9044109643248452,3.211922707582875,4.088647462240184,,,,,,4.361440844178008,0.9920863431009396,7.563918986257168,,,,,,9
139,Aniline,0,1,-36.82573268321843,-36.42783741042006,,2.2609249080475813,,,,,,,3.4454575514802124,15.508692395575462,,,,,,,12
140,Aniline,0,0,-42.275490873430726,-41.30567757385472,1.7672364015046174,2.2609249080475813,,,,,,,3.4454575514802124,15.211066312796351,,,,,,,12
141,Aniline,1,0,-43.29011016703205,-41.350483567880055,1.4150995262671162,2.2609249080475813,2.80848816098208,,,,,,3.4454575514802124,6.7058740409922,20.43469273544243,,,,,,12
142,PhthalicAnhydride,0,1,-41.28229244618775,-40.449079102131535,,2.860343394500682,,,,,,,3.98471669620084,20.82270679293921,,,,,,,18
143,PhthalicAnhydride,0,0,-36.514012806908205,-34.733269291115874,2.8102496327069417,2.860343394500682,,,,,,,3.98471669620084,28.549202664590624,,,,,,,18
144,Capillary_DNA_Sequencing,0,1,-9.193290387301534,-9.24738023824622,,1.0368405273060124,,,,,,,2.245229551568646,39.01155609773161,,,,,,,8
145,Capillary_DNA_Sequencing,0,0,-13.208284537775713,-13.04940145441604,1.3744587107401314,1.0368405273060124,,,,,,,2.245229551568646,37.17283482788199,,,,,,,8
146,MaleicAnhydride,0,1,-41.15594633871549,-40.59099698125395,,2.074149614366387,,,,,,,3.2848406342612826,19.99601915123832,,,,,,,14
147,MaleicAnhydride,0,0,-33.92177708498803,-32.64366242575751,1.9744130699733675,2.074149614366387,,,,,,,3.2848406342612826,18.02533609718193,,,,,,,14
148,MaleicAnhydride,1,0,-45.57440988236991,-43.01818056390887,2.591884776147793,2.074149614366387,2.762760408420537,,,,,,3.2848406342612826,31.28624385341037,-0.7464892544628121,,,,,,14
149,Refined_Cane_Sugar,0,1,-136.7647652989848,-135.29902939618506,,2.190598558183,,,,,,,2.7160829056019025,10.347390988353954,,,,,,,33
150,Refined_Cane_Sugar,0,0,-157.2808927397174,-154.2878776167844,-0.688665818554847,2.190598558183,,,,,,,2.7160829056019025,8.574501102475763,,,,,,,33
151,Paraxylene,0,1,-31.473290192130904,-31.170705099136857,,2.0010292736828488,,,,,,,3.507213028778306,14.96126305360489,,,,,,,11
152,Paraxylene,0,0,-35.27683807048344,-34.48104752488669,-0.1648365105287544,2.0010292736828488,,,,,,,3.507213028778306,18.2880755374602,,,,,,,11
153,Paraxylene,1,0,-42.85519424348098,-41.2636131522875,-0.5342423535056456,2.0010292736828488,2.74671202657198,,,,,,3.507213028778306,8.971971884340935,25.22518821976888,,,,,,11
154,Ammonia,0,1,-36.63547143322563,-36.15056478343763,,3.618014271742087,,,,,,,5.075268327921764,7.994959274761982,,,,,,,13
155,Ammonia,0,0,-22.81067335690947,-21.6807746419864,1.8158330966308287,3.618014271742087,,,,,,,5.075268327921764,19.357366169505163,,,,,,,13
156,Ammonia,1,0,-47.72391192174922,-45.46411449190308,0.6355400508721645,3.618014271742087,4.552995530767176,,,,,,5.075268327921764,1.4923263871643777,41.96587685949903,,,,,,13
157,Ammonia,2,0,-66.11820182258776,-62.72850567781855,0.6355400508721645,3.618014271742087,4.613713157233031,4.917806511460347,,,,,5.075268327921764,1.4923263871643666,54.46604880258506,4.963732542809717,,,,,13
158,SCGT,0,1,-20.43065748787569,-20.821219575441592,,1.1574338424381236,,,,,,,3.031317789705487,13.634007139495452,,,,,,,6
159,SCGT,0,0,-25.04498085728545,-25.461461918829343,3.236917712017765,1.1574338424381236,,,,,,,3.031317789705487,12.390309513091749,,,,,,,6
160,SCGT,1,0,-40.68392973672526,-41.51689185981304,3.308809575460136,1.1574338424381236,2.441557737933817,,,,,,3.031317789705487,15.098492894292791,5.946824432794628,,,,,,6
161,Automotive_(US),0,1,-132.89448333629218,-131.80344088293387,,3.675420116227553,,,,,,,4.744371945929841,45.90993316610172,,,,,,,23
162,Automotive_(US),0,0,-109.28695728156276,-107.01596884970446,3.6193041148457534,3.675420116227553,,,,,,,4.744371945929841,41.72510754308293,,,,,,,23
163,Automotive_(US),1,0,-154.59492232723375,-150.05294546351718,4.216573156566256,3.675420116227553,4.196161544230304,,,,,,4.744371945929841,47.50116973902085,37.40172730540684,,,,,,23
164,VinylChloride,0,1,-40.92491322151781,-40.62232812852377,,3.0111160826208967,,,,,,,4.437638426023182,12.127124705970216,,,,,,,11
165,VinylChloride,0,0,-37.531395893510094,-36.73560534791335,1.7917816204678263,3.0111160826208967,,,,,,,4.437638426023182,17.62174832395893,,,,,,,11
166,VinylChloride,1,0,-57.15340850181886,-55.561827410625376,1.2730876163709206,3.0111160826208967,3.798502768510077,,,,,,4.437638426023182,8.466476944882828,26.22131439609989,,,,,,11
167,Photovoltaics,0,1,-94.93032876411476,-93.63449189811044,,0.8636215653733168,,,,,,,3.378453324040399,24.10463390167018,,,,,,,28
168,Photovoltaics,0,0,-54.6756687125159,-52.011259692165495,1.4696369788354922,0.8636215653733168,,,,,,,3.378453324040399,19.87584440996628,,,,,,,28
169,Photovoltaics,1,0,-97.46467183717893,-92.1358537964781,1.7636144412349628,0.8636215653733168,2.135678253718622,,,,,,3.378453324040399,30.257266508310256,7.168819464229859,,,,,,28
170,Photovoltaics,2,0,-98.6198273303246,-90.62660026927338,1.7811226137596643,0.8636215653733168,2.1451874391074397,2.825930159781762,,,,,3.378453324040399,30.94800692430537,2.8483271051628622,14.368887103298988,,,,,28
171,TitaniumDioxide,0,1,-35.822541210969874,-35.74309966929004,,2.7998631924400805,,,,,,,3.745937728018492,5.887251675024874,,,,,,,9
172,TitaniumDioxide,0,0,-37.5963062597024,-37.201857105029966,1.841633411827006,2.7998631924400805,,,,,,,3.745937728018492,9.096245617381305,,,,,,,9
173,TitaniumDioxide,1,0,-49.7382512957152,-48.94935298637032,1.6107351896624584,2.7998631924400805,3.538647186319218,,,,,,3.745937728018492,4.2992884354738585,28.14656011084588,,,,,,9
174,Motor_Gasoline,0,1,-110.87420800824242,-109.829685570519,,1.8956048158076333,,,,,,,2.0364412247823087,42.0227527424297,,,,,,,22
175,Motor_Gasoline,0,0,-105.63290097367118,-103.45081606695456,0.9217765378566852,1.8956048158076333,,,,,,,2.0364412247823087,48.10755301878833,,,,,,,22
176,Solar_Water_Heaters,0,1,-25.729973297724754,-25.532748720388536,,1.7006455194827932,,,,,,,3.9751768222663695,-7.044894260250789,,,,,,,10
177,Solar_Water_Heaters,0,0,-24.962950788806538,-24.357780602818444,-0.242122679220177,1.7006455194827932,,,,,,,3.9751768222663695,-6.776286650401153,,,,,,,10
178,Solar_Water_Heaters,1,0,-40.87693645364784,-39.666596081671656,-0.3649923908963146,1.7006455194827932,3.61995637867405,,,,,,3.9751768222663695,-10.708881831487547,24.20332549322521,,,,,,10
179,Solar_Water_Heaters,2,0,-36.67810349444149,-34.86259293647721,-0.3629512717707189,1.7006455194827932,3.1629064906572384,3.520000557386358,,,,,3.9751768222663695,-10.610689563193109,-15.262004148555718,18.959875882289055,,,,,10
180,Wind_Turbine_(Denmark),0,1,-85.58080290865635,-84.69043115076019,,0.975217448008062,,,,,,,3.887023133454698,4.468958157682746,,,,,,,19
181,Wind_Turbine_(Denmark),0,0,-70.5528056019283,-68.66392764359541,4.218835722090075,0.975217448008062,,,,,,,3.887023133454698,7.837175873746904,,,,,,,19
182,Wind_Turbine_(Denmark),1,0,-87.38461318785133,-83.60685727118556,4.089242007558944,0.975217448008062,2.318125365847441,,,,,,3.887023133454698,2.443296478694079,11.939097358254402,,,,,,19
183,Wind_Turbine_(Denmark),2,0,-92.99311461375076,-87.32648073875211,4.089242007558938,0.975217448008062,2.492333937019624,3.408469876179828,,,,,3.887023133454698,2.4432964786940903,15.156478183785405,4.886106104610444,,,,,19
184,Wind_Turbine_(Denmark),3,0,-88.6319306647718,-81.07641883144028,4.075720025988117,0.975217448008062,1.85911413120819,2.523063925840337,3.4318289757959666,,,,3.887023133454698,1.66010618621949,4.535382190248571,14.474181492523485,4.886106104612709,,,,19
185,Sorbitol,0,1,-38.97917013419229,-39.03325998513697,,2.0595614368540254,,,,,,,2.937367155041063,9.159179991890676,,,,,,,8
186,Sorbitol,0,0,-48.76751137406327,-48.6086282907036,1.5594574840169098,2.0595614368540254,,,,,,,2.937367155041063,7.29798289305319,,,,,,,8
187,Styrene,0,1,-58.84150998439839,-58.20245265478313,,3.1696856924223016,,,,,,,4.614303749096695,12.310424290756696,,,,,,,15
188,Styrene,0,0,-49.27994039210955,-47.86383998990513,2.1311359157822216,3.1696856924223016,,,,,,,4.614303749096695,18.79524025371752,,,,,,,15
189,Styrene,1,0,-71.29286796123168,-68.46066715682284,1.368991894942099,3.1696856924223016,3.847203738790141,,,,,,4.614303749096695,5.771766298805748,26.0750225451974,,,,,,15
190,Aluminum,0,1,-79.548221348958,-78.77563262671822,,3.4268556637770167,,,,,,,4.647002484694116,3.55331309146224,,,,,,,17
191,Aluminum,0,0,-81.87959485318427,-80.21316816507183,1.6891978033466728,3.4268556637770167,,,,,,,4.647002484694116,4.582755156344065,,,,,,,17
192,CCGT_Power,0,1,-29.90373870584521,-29.41883205605721,,3.172013698328195,,,,,,,4.927996109798266,3.649531103910697,,,,,,,13
193,CCGT_Power,0,0,-35.080582409863204,-33.95068369494013,2.8340986855973416,3.172013698328195,,,,,,,4.927996109798266,1.8049786019992409,,,,,,,13
194,CCGT_Power,1,0,-44.10899806830531,-41.849200638459166,2.479608734965549,3.172013698328195,4.42024809703691,,,,,,4.927996109798266,-4.8894274580628005,19.074813218247225,,,,,,13
195,BisphenolA,0,1,-57.60884977270308,-57.043900415241545,,1.9342673761457987,,,,,,,3.18245866579148,13.663517362199562,,,,,,,14
196,BisphenolA,0,0,-52.24357857383035,-50.96546391459983,2.050379552399616,1.9342673761457987,,,,,,,3.18245866579148,17.55012315306077,,,,,,,14
197,BisphenolA,1,0,-67.00828222457167,-64.45205290611064,1.856364033733196,1.9342673761457987,2.8586532420472754,,,,,,3.18245866579148,12.668399073379277,33.085982060286625,,,,,,14
198,EthyleneGlycol,0,1,-46.11109150503455,-45.62618485524655,,3.150646676677572,,,,,,,4.404704476307177,8.762424433798211,,,,,,,13
199,EthyleneGlycol,0,0,-41.25614053688415,-40.12624182196108,1.976161494352382,3.150646676677572,,,,,,,4.404704476307177,17.454632685981164,,,,,,,13
200,EthyleneGlycol,1,0,-64.8661652502866,-62.60636782044045,1.3357623718833571,3.150646676677572,3.9078258048524654,,,,,,4.404704476307177,6.405385035050493,30.528901578427213,,,,,,13
201,Methanol,0,1,-37.961440707953344,-37.25339050685113,,2.616825458517173,,,,,,,3.8423741405058927,19.31571712677751,,,,,,,16
202,Methanol,0,0,-30.760292050993726,-29.215114606514163,1.4905349203809903,2.616825458517173,,,,,,,3.8423741405058927,19.033603922018216,,,,,,,16
203,Methanol,1,0,-50.70121975903221,-47.61086487007309,0.972711113530748,2.616825458517173,3.6223236221226913,,,,,,3.8423741405058927,8.973979225255668,64.91802790942847,,,,,,16
204,CCGT_Electricity,0,1,-61.73239434986867,-61.24748770008067,,2.030741013606202,,,,,,,3.3623570907340343,5.315525961395073,,,,,,,13
205,CCGT_Electricity,0,0,-66.4230228510697,-65.29312413614663,0.76307684792849,2.030741013606202,,,,,,,3.3623570907340343,4.247707575302928,,,,,,,13
206,CCGT_Electricity,1,0,-76.46361777204379,-74.20382034219764,0.6623982373246593,2.030741013606202,2.928238822702802,,,,,,3.3623570907340343,1.4685633150728794,10.94018084299263,,,,,,13
207,CCGT_Electricity,2,0,-75.34911109115313,-71.95941494638392,0.7280119810361628,2.030741013606202,2.563959488285097,2.8741471079411864,,,,,3.3623570907340343,3.430846983295943,-2.274175144218127,10.940180842992708,,,,,13
208,Corn_(US),0,1,-73.40230224934126,-71.93656634654154,,2.9508888636773367,,,,,,,3.98075311739729,12.495825320896891,,,,,,,33
209,Corn_(US),0,0,-102.0549724338382,-99.06195731090524,1.7554050173699949,2.9508888636773367,,,,,,,3.98075311739729,14.743309539097726,,,,,,,33
210,PolyethyleneHD,0,1,-49.84095275636409,-49.201895426748834,,1.9814168766876536,,,,,,,4.061938953062663,13.18788931725049,,,,,,,15
211,PolyethyleneHD,0,0,-40.142117070031816,-38.7260166678274,2.197426380840793,1.9814168766876536,,,,,,,4.061938953062663,17.52196889870613,,,,,,,15
212,PolyethyleneHD,1,0,-66.67570672258351,-63.84350591817467,1.6082142531882302,1.9814168766876536,2.8238308263098317,,,,,,4.061938953062663,2.401113809962574,24.12183283071855,,,,,,15
213,PolyethyleneHD,2,0,-72.11573991610712,-67.86743870949385,1.6082142531882302,1.9814168766876536,2.768799489833854,3.8497431523599817,,,,,4.061938953062663,2.401113809962563,22.00680882553476,37.280451523314525,,,,,15
214,PolyethyleneHD,3,0,-82.82987576752745,-77.16547415870977,1.6082142531882302,1.9814168766876536,2.866292476608806,3.250497639192839,3.81731225900207,,,,4.061938953062663,2.401113809962474,29.711503616455047,18.088423105077634,38.13908034159691,,,,15
215,Hard_Disk_Drive,0,1,-12.434789531129017,-11.544417773232851,,3.135616361610583,,,,,,,8.23791446740471,43.65034547451285,,,,,,,19
216,Hard_Disk_Drive,0,0,-19.089757755301317,-17.200879796968433,4.514382779789617,3.135616361610583,,,,,,,8.23791446740471,50.05940707299486,,,,,,,19
217,Hard_Disk_Drive,1,0,-19.12267669755016,-15.344920780884395,4.59554405778664,3.135616361610583,7.907230635397611,,,,,,8.23791446740471,50.64228971531355,10.590841929254458,,,,,,19
218,Hard_Disk_Drive,2,0,-25.60526652633292,-19.93863265133428,2.1749187487369768,3.135616361610583,3.692254109885278,7.190213729786,,,,,8.23791446740471,20.685548430771284,52.39481696526991,39.9543711857251,,,,,19
219,Hard_Disk_Drive,3,0,-27.150181227950497,-19.594669394618972,2.3119932329225263,3.135616361610583,3.910971485811949,4.615715801529544,7.922850901927406,,,,8.23791446740471,22.96196773401298,62.34047557820481,50.01793775996428,10.590841929254236,,,,19
220,Low_Density_Polyethylene,0,1,-56.80156475786035,-56.09351455675814,,2.278424186073559,,,,,,,4.288938717291892,16.907725410839546,,,,,,,16
221,Low_Density_Polyethylene,0,0,-43.437184448469,-41.89200700398944,0.5305691460677175,2.278424186073559,,,,,,,4.288938717291892,20.287577565470738,,,,,,,16
222,Low_Density_Polyethylene,1,0,-72.38867323907377,-69.29831835011464,0.1383150918242297,2.278424186073559,3.499169660859674,,,,,,4.288938717291892,12.329457094788932,30.73594160592201,,,,,,16
223,Low_Density_Polyethylene,2,0,-71.16704629699761,-66.53151396355892,0.1136139592307856,2.278424186073559,3.531753506216268,3.837718598199693,,,,,4.288938717291892,11.755127942079548,36.49977947585641,27.407255813597764,,,,,16
224,Urea,0,1,-35.3518591437078,-34.953963870909426,,2.9442185742543887,,,,,,,4.349539094645591,7.978793652393401,,,,,,,12
225,Urea,0,0,-31.05781903098193,-30.08800573140593,1.4604686855649731,2.9442185742543887,,,,,,,4.349539094645591,15.602760326446363,,,,,,,12
226,Urea,1,0,-46.54428678156288,-44.60466018241088,0.6513916909626509,2.9442185742543887,3.6782010171692834,,,,,,4.349539094645591,0.1532175870025964,27.203407619288456,,,,,,12
227,Sodium,0,1,-93.29222894918352,-92.5841787480813,,2.9388145995043424,,,,,,,3.702929132891154,6.276675663729192,,,,,,,16
228,Sodium,0,0,-89.36300085573858,-87.81782341125901,1.6483929189925175,2.9388145995043424,,,,,,,3.702929132891154,8.746779478501153,,,,,,,16
229,Sodium,1,0,-106.000772075312,-102.91041718635287,1.362140572065022,2.9388145995043424,3.373959940754409,,,,,,3.702929132891154,2.8456541789916856,15.01742232896286,,,,,,16
230,Ethanolamine,0,1,-78.93924781244107,-78.10603446838485,,2.3268072136221662,,,,,,,3.484304141660227,18.636853925906383,,,,,,,18
231,Ethanolamine,0,0,-48.90801544799805,-47.12727193220572,2.4195798135772497,2.3268072136221662,,,,,,,3.484304141660227,23.707108815115078,,,,,,,18
232,Ethanolamine,1,0,-101.33968297092692,-97.77819593934228,1.8529269462568096,2.3268072136221662,3.1200553749698914,,,,,,3.484304141660227,11.786086314603727,46.02443606207905,,,,,,18
233,SodiumChlorate,0,1,-69.91172304654637,-69.27266571693112,,2.211310863541545,,,,,,,3.317535026993192,8.862490812732926,,,,,,,15
234,SodiumChlorate,0,0,-55.11857523124728,-53.702474829042856,1.4610439493338527,2.211310863541545,,,,,,,3.317535026993192,13.84768563936315,,,,,,,15
235,SodiumChlorate,1,0,-77.61974206933758,-74.78754126492873,1.006828350613683,2.211310863541545,2.8135577714455,,,,,,3.317535026993192,2.367484347563187,24.21979028564595,,,,,,15
236,Primary_Magnesium,0,1,-140.6625495868363,-139.0249634271099,,3.2209339401035244,,,,,,,6.221388977510448,9.017833547744502,,,,,,,39
237,Primary_Magnesium,0,0,-107.61170798259484,-104.28458469033556,0.4097191495277104,3.2209339401035244,,,,,,,6.221388977510448,10.143114428197098,,,,,,,39
238,Primary_Magnesium,1,0,-134.21337411330796,-127.55912752878938,0.5719559038216688,3.2209339401035244,5.708182988626534,,,,,,6.221388977510448,12.587484722858145,-9.384364184775196,,,,,,39
239,Primary_Magnesium,2,0,-132.4054027556595,-122.42403287888165,0.2482835304715706,3.2209339401035244,4.097109367174909,5.243353448455246,,,,,6.221388977510448,7.0069491444257554,19.952861073779392,-4.8400107551083815,,,,,39
240,Primary_Magnesium,3,0,-133.5493607308098,-120.24086756177265,0.2482835304715691,3.2209339401035244,4.097109367174909,5.318403563485743,6.062289977782863,,,,6.221388977510448,7.006949144425734,19.952861073779417,-9.965258146124722,21.04221483311729,,,,39
241,NeopreneRubber,0,1,-72.40542380114388,-71.92051715135588,,2.871834368237582,,,,,,,3.660689828332912,5.3236633811771465,,,,,,,13
242,NeopreneRubber,0,0,-61.64082383019653,-60.51092511527345,2.067908866149097,2.871834368237582,,,,,,,3.660689828332912,9.053693779036454,,,,,,,13
243,NeopreneRubber,1,0,-97.09416804792949,-94.83437061808334,1.629765008594082,2.871834368237582,3.330481200449303,,,,,,3.660689828332912,-0.3054442473513052,19.45863429789909,,,,,,13
244,Electric_Range,0,1,-108.1494294562001,-107.1536971826461,,0.6901960800285137,,,,,,,1.4424797690644486,9.052286641262274,,,,,,,21
245,Electric_Range,0,0,-78.0052773719898,-75.91623249654296,2.6982622081051604,0.6901960800285137,,,,,,,1.4424797690644486,15.955004071206536,,,,,,,21
246,Electric_Range,1,0,-128.2868350026444,-124.10874525175072,2.5056412575485947,0.6901960800285137,1.2131909583488274,,,,,,1.4424797690644486,3.2882743645244794,40.09545310630074,,,,,,21
247,Ethylene,0,1,-51.90000256061464,-51.26094523099938,,1.1034257431759258,,,,,,,2.0025502819824124,19.234643120560023,,,,,,,15
248,Ethylene,0,0,-48.322401112008606,-46.906300709804185,-0.9726986745919568,1.1034257431759258,,,,,,,2.0025502819824124,15.86636185932101,,,,,,,15
249,Nuclear_Power_(OECD),0,1,-121.554896852103,-120.7216835080468,,1.8756399370041683,,,,,,,2.5216610151120733,4.72246399148637,,,,,,,18
250,Nuclear_Power_(OECD),0,0,-133.2535695630152,-131.47282604722287,0.6574110820235791,1.8756399370041683,,,,,,,2.5216610151120733,5.5161965866319385,,,,,,,18
251,AcrylicFiber,0,1,-48.06947555467767,-47.58456890488967,,2.3028221941526525,,,,,,,3.638901096583472,20.237190077298735,,,,,,,13
252,AcrylicFiber,0,0,-39.822662335799045,-38.69276362087597,3.1087872751004584,2.3028221941526525,,,,,,,3.638901096583472,24.04084259636653,,,,,,,13
253,AcrylicFiber,1,0,-67.22434991940611,-64.96455248955996,2.560950850281984,2.3028221941526525,3.038692957145896,,,,,,3.638901096583472,12.417807615174148,34.63588404643693,,,,,,13
254,AcrylicFiber,2,0,-63.68198316820076,-60.29228702343154,2.560950850281984,2.3028221941526525,3.0481631474849697,3.434312132058872,,,,,3.638901096583472,12.417807615174148,35.73733989835194,32.33667401871342,,,,,13
255,Formaldehyde,0,1,-38.74804416734939,-38.44545907435535,,3.284659339935264,,,,,,,4.578391781378922,9.941316092989547,,,,,,,11
256,Formaldehyde,0,0,-38.4303209633334,-37.634530417736656,1.204536431449937,3.284659339935264,,,,,,,4.578391781378922,12.913486369506922,,,,,,,11
257,Formaldehyde,1,0,-51.3733557750559,-49.781774683862416,0.9414398633792218,3.284659339935264,4.360445792918635,,,,,,4.578391781378922,8.578963024127162,37.67545950983248,,,,,,11
258,Wheat_(US),0,1,-437.345526122288,-434.39676623190985,,3.573036381305641,,,,,,,5.217666123571274,-5.900351881597876,,,,,,,142
259,Wheat_(US),0,0,-229.58432246082955,-223.67266834562705,3.38856201409255,3.573036381305641,,,,,,,5.217666123571274,22.33722421199512,,,,,,,142
260,Offshore_Gas_Pipeline,0,1,11.32260668347094,11.625191776464984,,1.8660550665256197,,,,,,,2.964853702910563,-56.68437147846033,,,,,,,11
261,Offshore_Gas_Pipeline,0,0,4.178496334551715,4.9742868801484565,1.2380433270237328,1.8660550665256197,,,,,,,2.964853702910563,21.50395227039239,,,,,,,11
262,Offshore_Gas_Pipeline,1,0,7.958653523078031,9.550234614271512,1.0047772037480365,1.8660550665256197,2.717431355203404,,,,,,2.964853702910563,15.124941273052606,47.56698293532607,,,,,,11
263,Benzene,0,1,-55.3449338602364,-54.636883659134185,,0.5005109105263371,,,,,,,1.0354297381845483,36.210329834268805,,,,,,,16
264,Benzene,0,0,-55.25524128913199,-53.71006384465242,0.023890679090639,0.5005109105263371,,,,,,,1.0354297381845483,40.823029544316526,,,,,,,16
265,Ethanol_(Brazil),0,1,-41.13735218886856,-40.00185797293941,,3.870860922073174,,,,,,,5.414795939734737,16.709578506368594,,,,,,,24
266,Ethanol_(Brazil),0,0,-53.10303286463824,-50.74692520394235,2.909094819379298,3.870860922073174,,,,,,,5.414795939734737,22.138487352497805,,,,,,,24
267,Ethanol_(Brazil),2,0,-48.42439781012383,-41.35607482803616,2.1913413829080004,3.870860922073174,4.6288919312248655,5.073848793744075,,,,,5.414795939734737,12.485240309149724,30.08189259862285,23.439738492639183,,,,,24
268,IsopropylAlcohol,0,1,-42.08145587445421,-42.00201433277438,,3.1652985111508,,,,,,,4.190118212202695,5.530832511688921,,,,,,,9
269,IsopropylAlcohol,0,0,-42.21900311592955,-41.82455396125712,1.2265469655905965,3.1652985111508,,,,,,,4.190118212202695,8.323563808134626,,,,,,,9
270,IsopropylAlcohol,1,0,-62.85956438387512,-62.07066607453024,1.017245811784368,3.1652985111508,3.958942401223561,,,,,,4.190118212202695,4.440783337201715,22.77891705425985,,,,,,9
271,Wind_Power,0,1,-32.32655180622858,-31.493338462172364,,1.4351743816206133,,,,,,,3.994195601307241,11.64944796901909,,,,,,,18
272,Wind_Power,0,0,-40.41016436922749,-38.62942085343516,0.9097818401563588,1.4351743816206133,,,,,,,3.994195601307241,14.482252834711671,,,,,,,18
273,Wind_Power,1,0,-38.71027706540531,-35.148790033820646,0.86495675710121,1.4351743816206133,3.621654147580145,,,,,,3.994195601307241,13.40078135606786,29.753503574246665,,,,,,18
274,Ford_Model-T,0,1,-22.09032135960512,-22.144411210549805,,-1.8239087409443189,,,,,,,0.6334684555795865,13.966159343632768,,,,,,,8
275,Ford_Model-T,0,0,-25.89163492243496,-25.732751839075288,3.1618920314295464,-1.8239087409443189,,,,,,,0.6334684555795865,11.776093892480876,,,,,,,8
276,Ford_Model-T,1,0,-33.85824222538269,-33.540476058663344,3.198479265819257,-1.8239087409443189,0.0279619483444317,,,,,,0.6334684555795865,9.569285931555935,21.96889811532856,,,,,,8
277,Ford_Model-T,2,0,-42.52578065566591,-42.04913140558689,3.12089549403639,-1.8239087409443189,-0.6746145689086114,-0.1593132701243182,,,,,0.6334684555795865,12.896100842178182,-1.5543122344752194e-13,21.480200815018293,,,,,8
278,Polystyrene,0,1,-83.26022373088739,-82.08216990053944,,1.4901550529482317,,,,,,,3.914338607284225,9.84072767071712,,,,,,,25
279,Polystyrene,0,0,-38.25259921244691,-35.81484756271051,0.1604550959997086,1.4901550529482317,,,,,,,3.914338607284225,14.655198105971024,,,,,,,25
280,Polystyrene,1,0,-89.65627107692151,-84.78076777744872,-0.2140772719472646,1.4901550529482317,3.222707857281297,,,,,,3.914338607284225,4.372860816571189,38.63104688948623,,,,,,25
281,Polystyrene,2,0,-103.84569638585644,-96.53244143664722,0.0374107039023441,1.4901550529482317,2.3734748528487777,3.1478051608011324,,,,,3.914338607284225,13.06775621608186,-6.6804501939349725,38.57844094552535,,,,,25
282,Polystyrene,3,0,-107.56983891462512,-97.8188323156795,0.0374107039023443,1.4901550529482317,2.350111575034166,3.1983574574956024,3.7253859125317903,,,,3.914338607284225,13.067756216081904,-4.882313684805228,42.75971405355578,21.64254841213528,,,,25
283,Polystyrene,4,0,-113.40280978201405,-101.21405153333204,0.0374107039023457,1.4901550529482317,2.434996462278474,2.785204555197735,3.2708296200387865,3.710343570284096,,,3.914338607284225,13.067756216081916,-21.156920618366804,9.270126181418837,44.40293232360448,21.642548412135252,,,25
284,Phenol,0,1,-42.74774312520842,-42.18279376774689,,2.941600434771859,,,,,,,4.210687075708083,15.130304308326505,,,,,,,14
285,Phenol,0,0,-44.88146091584161,-43.60334625661109,2.3665738193809727,2.941600434771859,,,,,,,4.210687075708083,22.972733219825148,,,,,,,14
286,Phenol,1,0,-50.776474114002895,-48.22024479554186,2.0364078736804108,2.941600434771859,3.851039163834725,,,,,,4.210687075708083,17.56923986876704,36.42774802516189,,,,,,14
287,Beer_(Japan),0,1,-83.13296091926144,-82.36037219702166,,2.6503815030236098,,,,,,,4.257560415118091,10.0834877714407,,,,,,,17
288,Beer_(Japan),0,0,-91.18500996862494,-89.5185832805125,2.306303660601019,2.6503815030236098,,,,,,,4.257560415118091,10.347931463503569,,,,,,,17
289,Beer_(Japan),1,0,-96.2012004071459,-92.86834703092104,2.17528397340973,2.6503815030236098,3.4650489193034533,,,,,,4.257560415118091,7.688664714270743,12.426628173079802,,,,,,17
290,Beer_(Japan),2,0,-97.1930199279187,-92.1937398635814,2.1586794580501336,2.6503815030236098,3.5355833475985707,3.8368436284031215,,,,,4.257560415118091,7.322802704242437,16.99036489394671,8.940543859552207,,,,,17
291,Free_Standing_Gas_Range,0,1,-108.39546496944163,-107.39973269588764,,1.5403294747908738,,,,,,,1.8680563618230412,20.517935041078218,,,,,,,21
292,Free_Standing_Gas_Range,0,0,-107.46300260955638,-105.37395773410954,2.909645955216848,1.5403294747908738,,,,,,,1.8680563618230412,30.34149660511758,,,,,,,21
0,Wind_Turbine_2_(Germany),0,-1,-38.94559313505334,-38.46068648526534,,0.6130071420551685,,,,,,,3.378716165494427,-0.008850774876492922,,,,,,,13
0,Caprolactam,0,-1,-39.126115390870254,-38.82353029787621,,2.2835744806987583,,,,,,,3.566969967972124,-0.044932242307112256,,,,,,,11
0,Fotovoltaica,0,-1,-158.82607426892056,-156.93425397080995,,-2.636811563395229,,,,,,,3.780605464740647,-0.057173571166258194,,,,,,,50
0,Crude_Oil,0,-1,-92.47930861405258,-91.43478617632915,,2.0019857758304167,,,,,,,2.1835496633683675,-0.0013765225528650147,,,,,,,22
0,Photovoltaics_2,0,-1,-101.69996319138806,-100.23422728858834,,5.880298346279688,,,,,,,9.506588193036043,-0.04338623733888073,,,,,,,33
0,Onshore_Gas_Pipeline,0,-1,-31.331260842967566,-30.846354193179565,,1.5190270600153564,,,,,,,1.776613401326307,-0.012572173134344599,,,,,,,13
0,Titanium_Sponge,0,-1,-57.92078577353867,-57.08757242948245,,2.8240889861252847,,,,,,,5.135479132337903,-0.04311700538973234,,,,,,,18
0,Wind_Electricity,0,-1,-105.31383238442936,-104.26930994670593,,3.7278706520395737,,,,,,,7.916108381440494,-0.03918230504072052,,,,,,,22
0,Milk_(US),0,-1,-493.06508070437746,-490.7212752825238,,5.81109776828194,,,,,,,7.028241597187251,-0.008574915853530284,,,,,,,78
0,HydrofluoricAcid,0,-1,-51.11172128944709,-50.809136196453046,,2.3850895644788612,,,,,,,3.454724621297743,-0.0038901506035446736,,,,,,,11
0,Transistor,0,-1,-59.57236116652608,-57.98884222806997,,0.5431479942360623,,,,,,,9.755438023037494,-0.21915537696618353,,,,,,,37
0,CarbonDisulfide,0,-1,-39.32046385349416,-39.12323927615794,,2.964880919887962,,,,,,,3.876086059583858,-0.010888443007850065,,,,,,,10
0,Primary_Aluminum,0,-1,-146.46713160527014,-144.82954544554374,,2.6877544477235684,,,,,,,4.606324956021417,-0.00951915357941034,,,,,,,39
0,Acrylonitrile,0,-1,-41.79672603790056,-41.231776680439026,,2.5303838557017677,,,,,,,3.9451752033255616,-0.036607340108835304,,,,,,,14
0,Photovoltaics_4,0,-1,-92.89340582130436,-91.59756895530003,,0.3209608969751543,,,,,,,3.2405627071881495,-0.05045732992386733,,,,,,,28
0,PolyesterFiber,0,-1,-40.306118664023145,-39.821212014235144,,2.054367295134734,,,,,,,3.912356834199412,-0.05253369828484722,,,,,,,13
0,Geothermal_Electricity,0,-1,-161.12594696418057,-159.90707113931236,,6.749824565866473,,,,,,,8.496649985985119,-0.021355727704585416,,,,,,,26
0,Solar_Thermal,0,-1,-10.917747742137834,-10.838306200457998,,1.843819745203394,,,,,,,2.626046905040928,-0.040977184525824425,,,,,,,9
0,Cyclohexane,0,-1,-74.97293114936434,-74.20034242712457,,1.9777825815576695,,,,,,,3.485439313356928,-0.02378911601894826,,,,,,,17
0,DRAM,0,-1,-24.161754239537714,-22.6064061780483,,-2.168832446932043,,,,,,,6.9390449806157095,-0.19423513380857846,,,,,,,36
0,SodiumHydrosulfite,0,-1,-31.284823031621464,-31.20538148994163,,1.8741373791721359,,,,,,,2.578456539191699,-0.0064948476415068995,,,,,,,9
0,EthylAlcohol,0,-1,-61.808301287274475,-61.16924395765922,,2.9467213439105575,,,,,,,3.670055378360996,-0.007074979874541081,,,,,,,15
0,Ethanol_2,0,-1,-57.531749103330114,-56.75916038109033,,1.4359806059181257,,,,,,,2.9489483271477783,-0.024614049222539135,,,,,,,17
0,Monochrome_Television,0,-1,-80.74060719377354,-79.74487492021954,,2.4249037501834367,,,,,,,4.103633168569454,-0.026095085220701295,,,,,,,21
0,Polyvinylchloride,0,-1,-94.50913192000586,-93.46460948228243,,2.485690702244294,,,,,,,4.266466386437016,-0.02767941577503262,,,,,,,22
0,Nuclear_Electricity,0,-1,-34.47440424616443,-33.52996526699799,,4.071279266590245,,,,,,,5.0338575376999115,0.058457146463214274,,,,,,,20
0,PolyethyleneLD,0,-1,-54.74292108048283,-54.103863750867575,,2.9845443890474828,,,,,,,4.533373386035311,-0.03676611876879615,,,,,,,15
0,Solar_Thermal_Electricity,0,-1,-9.479113367932143,-9.869675455498044,,1.4027714750855362,,,,,,,2.4552708300770836,-0.008465304290425465,,,,,,,6
0,Polypropylene,0,-1,-32.474347954470105,-32.39490641279027,,1.4928115977940668,,,,,,,3.3731150557557097,-0.045407757481945754,,,,,,,9
0,Laser_Diode,0,-1,-21.381324079637487,-20.983428806839115,,-0.01240241993529162,,,,,,,3.9243243596789674,-0.12708545533382154,,,,,,,12
0,Trichloroethane,0,-1,-25.417305430097777,-25.625545960869722,,2.235034247799735,,,,,,,3.3116064696367618,-0.026803258505068362,,,,,,,7
0,Electric_Power,0,-1,-129.66577447468757,-128.33356996451235,,2.609651560610097,,,,,,,4.1591776441939015,-0.018498482453252415,,,,,,,29
0,Magnesium,0,-1,-96.67526539624473,-95.78489363834856,,2.4553746568410872,,,,,,,3.210679047105061,-0.00024950935328513435,,,,,,,19
0,Shotgun_Sanger_DNA_Sequencing,0,-1,-57.16449290035377,-55.98643907000582,,7.510554661087867,,,,,,,9.355127402116894,-0.024276159126986205,,,,,,,25
0,Pentaerythritol,0,-1,-84.55662396003518,-83.56089168648118,,2.2388802637589955,,,,,,,3.186711334700172,-0.021920804866365058,,,,,,,21
0,Ethylene_2,0,-1,-53.77398415553144,-53.289077505743435,,3.6264499256521328,,,,,,,5.11444773362905,-0.02593712164886334,,,,,,,13
0,VinylAcetate,0,-1,-51.967961776278514,-51.48305512649051,,2.5119212716417287,,,,,,,3.840107875017155,-0.03570309875629841,,,,,,,13
0,CarbonBlack,0,-1,-55.97815781733891,-55.898716275659076,,3.211922707582875,,,,,,,4.361440844178008,-0.005522217730734051,,,,,,,9
0,Aniline,0,-1,-37.89538128170126,-37.49748600890289,,2.2609249080475813,,,,,,,3.4454575514802124,-0.031130382104730476,,,,,,,12
0,PhthalicAnhydride,0,-1,-43.22130870774413,-42.38809536368791,,2.860343394500682,,,,,,,3.9847166962008402,-0.03319589004916464,,,,,,,18
0,Capillary_DNA_Sequencing,0,-1,-8.041757512817135,-8.095847363761822,,1.0368405273060124,,,,,,,2.245229551568646,-0.11821083735223933,,,,,,,8
0,MaleicAnhydride,0,-1,-40.20361569097077,-39.638666333509235,,2.074149614366387,,,,,,,3.2848406342612826,-0.029927425659566756,,,,,,,14
0,Refined_Cane_Sugar,0,-1,-136.8808699917408,-135.41513408894107,,2.190598558183,,,,,,,2.7160829056019025,-0.003156502551979805,,,,,,,33
0,Paraxylene,0,-1,-33.96189495371276,-33.659309860718714,,2.0010292736828488,,,,,,,3.507213028778306,-0.04482451269834333,,,,,,,11
0,Ammonia,0,-1,-40.46973728793466,-39.98483063814666,,3.618014271742087,,,,,,,5.075268327921764,-0.030576674955906477,,,,,,,13
0,SCGT,0,-1,-11.103499961933718,-11.494062049499618,,1.1574338424381236,,,,,,,3.031317789705487,-0.07052136820780282,,,,,,,6
0,Automotive_(US),0,-1,-90.31750438504847,-89.22646193169015,,3.6754201162275533,,,,,,,4.744371945929841,-0.0397445749891882,,,,,,,23
0,VinylChloride,0,-1,-47.20336413509901,-46.900779042104965,,3.0111160826208967,,,,,,,4.437638426023182,-0.03619953368293706,,,,,,,11
0,Photovoltaics,0,-1,-90.06769495543438,-88.77185808943005,,0.8636215653733168,,,,,,,3.378453324040399,-0.03410439829453243,,,,,,,28
0,TitaniumDioxide,0,-1,-37.843477496076396,-37.76403595439656,,2.7998631924400805,,,,,,,3.7459377280184922,-0.01610511472094408,,,,,,,9
0,Motor_Gasoline,0,-1,-109.82600233894107,-108.78147990121764,,1.8956048158076333,,,,,,,2.0364412247823087,-0.003807170946843864,,,,,,,22
0,Solar_Water_Heaters,0,-1,-23.7036580186072,-23.506433441270982,,1.7006455194827932,,,,,,,3.9751768222663704,0.017278601920466236,,,,,,,10
0,Wind_Turbine_(Denmark),0,-1,-88.25737181920405,-87.36700006130789,,0.9752174480080621,,,,,,,3.887023133454698,-0.016613037497459935,,,,,,,19
0,Sorbitol,0,-1,-34.04959736602747,-34.103687216972155,,2.0595614368540254,,,,,,,2.937367155041063,-0.013799128168101266,,,,,,,8
0,Styrene,0,-1,-68.22008733102854,-67.58103000141328,,3.1696856924223016,,,,,,,4.6143037490966945,-0.029596791173425892,,,,,,,15
0,Aluminum,0,-1,-80.61122929814881,-79.83864057590904,,3.4268556637770167,,,,,,,4.647002484694116,-0.006632389702292548,,,,,,,17
0,CCGT_Power,0,-1,-29.81303515780641,-29.32812850801841,,3.172013698328195,,,,,,,4.927996109798266,-0.006310059494843204,,,,,,,13
0,BisphenolA,0,-1,-62.998886675149635,-62.4339373176881,,1.9342673761457987,,,,,,,3.18245866579148,-0.025717161119919986,,,,,,,14
0,EthyleneGlycol,0,-1,-52.82233920506086,-52.337432555272855,,3.1506466766775714,,,,,,,4.404704476307177,-0.02673157935319902,,,,,,,13
0,Methanol,0,-1,-39.93824870572503,-39.23019850462282,,2.6168254585171735,,,,,,,3.8423741405058927,-0.03572190889616531,,,,,,,16
0,CCGT_Electricity,0,-1,-61.182985243248936,-60.698078593460934,,2.030741013606202,,,,,,,3.362357090734034,-0.008224115835056188,,,,,,,13
0,Corn_(US),0,-1,-73.3691757057091,-71.90343980290938,,2.9508888636773367,,,,,,,3.98075311739729,-0.006822011880781226,,,,,,,33
0,PolyethyleneHD,0,-1,-55.10619998126111,-54.46714265164586,,1.9814168766876536,,,,,,,4.061938953062663,-0.03896705410673601,,,,,,,15
0,Hard_Disk_Drive,0,-1,-19.65056288116714,-18.760191123270975,,3.135616361610583,,,,,,,8.23791446740471,-0.2577293121005684,,,,,,,19
0,Low_Density_Polyethylene,0,-1,-63.84873999694295,-63.14068979584074,,2.278424186073559,,,,,,,4.288938717291892,-0.04452303767163386,,,,,,,16
0,Urea,0,-1,-38.09756711447163,-37.69967184167326,,2.9442185742543887,,,,,,,4.349539094645591,-0.027061841451986344,,,,,,,12
0,Sodium,0,-1,-94.37817808907141,-93.6701278879692,,2.9388145995043424,,,,,,,3.7029291328911547,-0.005819947223469383,,,,,,,16
0,Ethanolamine,0,-1,-86.53789532009398,-85.70468197603776,,2.3268072136221662,,,,,,,3.484304141660227,-0.02558421118912491,,,,,,,18
0,SodiumChlorate,0,-1,-73.48964575029436,-72.8505884206791,,2.211310863541545,,,,,,,3.3175350269931916,-0.014462743559425865,,,,,,,15
0,Primary_Magnesium,0,-1,-138.03465727259572,-136.39707111286933,,3.2209339401035244,,,,,,,6.221388977510448,-0.013612295942623084,,,,,,,39
0,NeopreneRubber,0,-1,-78.40426846291092,-77.91936181312292,,2.871834368237582,,,,,,,3.6606898283329117,-0.008922378202417463,,,,,,,13
0,Electric_Range,0,-1,-114.04925451408866,-113.05352224053466,,0.6901960800285137,,,,,,,1.4424797690644486,-0.009990644732050732,,,,,,,21
0,Ethylene,0,-1,-52.63846580243151,-51.999408472816256,,1.1034257431759258,,,,,,,2.0025502819824124,-0.021502142547427237,,,,,,,15
0,Nuclear_Power_(OECD),0,-1,-123.396748466182,-122.56353512212578,,1.8756399370041683,,,,,,,2.5216610151120733,-0.003706999507734334,,,,,,,18
0,AcrylicFiber,0,-1,-53.90668713050236,-53.42178048071436,,2.3028221941526525,,,,,,,3.6389010965834716,-0.043305150915128626,,,,,,,13
0,Formaldehyde,0,-1,-43.36793433021775,-43.06534923722371,,3.284659339935264,,,,,,,4.578391781378922,-0.030252373143277896,,,,,,,11
0,Wheat_(US),0,-1,-438.11571017566826,-435.1669502852901,,3.573036381305641,,,,,,,5.217666123571274,-0.003914012737252776,,,,,,,142
0,Offshore_Gas_Pipeline,0,-1,12.398920623140318,12.701505716134363,,1.8660550665256193,,,,,,,2.964853702910563,-0.04010284138745123,,,,,,,11
0,Benzene,0,-1,-55.98650037622025,-55.27845017511804,,0.5005109105263371,,,,,,,1.0354297381845483,-0.02451099360967828,,,,,,,16
0,Ethanol_(Brazil),0,-1,-41.23111047477408,-40.09561625884493,,3.870860922073174,,,,,,,5.414795939734737,-0.02230415266731487,,,,,,,24
0,IsopropylAlcohol,0,-1,-49.369323658243594,-49.28988211656376,,3.1652985111508,,,,,,,4.1901182122026945,-0.017136843397098277,,,,,,,9
0,Wind_Power,0,-1,-33.53188305435498,-32.69866971029876,,1.4351743816206133,,,,,,,3.994195601307241,-0.042245691946830005,,,,,,,18
0,Ford_Model-T,0,-1,-17.565135967620748,-17.619225818565436,,-1.8239087409443189,,,,,,,0.6334684555795865,-0.07134252134725928,,,,,,,8
0,Polystyrene,0,-1,-88.74716928674667,-87.56911545639872,,1.4901550529482315,,,,,,,3.914338607284225,-0.02638136332693232,,,,,,,25
0,Phenol,0,-1,-46.43923988421681,-45.874290526755274,,2.941600434771859,,,,,,,4.210687075708083,-0.03386766297042728,,,,,,,14
0,Beer_(Japan),0,-1,-81.38784971703838,-80.6152609947986,,2.6503815030236098,,,,,,,4.257560415118091,-0.015508664357919238,,,,,,,17
0,Free_Standing_Gas_Range,0,-1,-110.06014945324245,-109.06441717968845,,1.5403294747908738,,,,,,,1.8680563618230415,-0.007354876331944215,,,,,,,21
