Tech,Normalized cumulative production,Normalized unit cost
Wind_Turbine_2_(Germany),1.0,1.0
Wind_Turbine_2_(Germany),3.5200000000000005,1.1329933307179285
Wind_Turbine_2_(Germany),8.559999999999999,0.9972538250294233
Wind_Turbine_2_(Germany),26.160000000000004,1.1196547665751275
Wind_Turbine_2_(Germany),42.32,1.156924284032954
Wind_Turbine_2_(Germany),65.6,0.9807767752059631
Wind_Turbine_2_(Germany),101.52000000000001,0.8246371125931738
Wind_Turbine_2_(Germany),222.32,0.7795213809336995
Wind_Turbine_2_(Germany),461.6,0.687328364064339
Wind_Turbine_2_(Germany),679.2,0.719890153001177
Wind_Turbine_2_(Germany),906.0799999999999,0.7551981169085916
Wind_Turbine_2_(Germany),1284.08,0.7681443703413103
Wind_Turbine_2_(Germany),1911.1200000000001,0.783052177324441
Caprolactam,1.0,1.0
Caprolactam,1.468,0.9175984862291745
Caprolactam,2.004,0.8311629384737872
Caprolactam,2.706,0.7640169969831212
Caprolactam,3.5345714285714283,0.5878693583423
Caprolactam,4.446,0.47717110625045156
Caprolactam,5.384857142857143,0.4384636179020272
Caprolactam,6.527714285714286,0.4023353079904491
Caprolactam,7.899142857142857,0.39061116584951167
Caprolactam,9.350571428571428,0.36267205020181975
Caprolactam,10.992571428571429,0.3553673935280954
Fotovoltaica,1.0,1.0
Fotovoltaica,5.0,0.816542014958205
Fotovoltaica,20.153699999999997,0.6207655081390233
Fotovoltaica,65.86014999999999,0.5459744830620326
Fotovoltaica,129.994,0.5239771227452705
Fotovoltaica,239.719,0.4720633523977123
Fotovoltaica,402.977,0.3990321161460625
Fotovoltaica,623.2204999999999,0.33128024637043557
Fotovoltaica,861.4884999999999,0.2608886933567972
Fotovoltaica,1165.744,0.1935767707875055
Fotovoltaica,1583.81,0.16234051913770348
Fotovoltaica,1927.1899999999998,0.13594368675758908
Fotovoltaica,2680.155,0.11042674879014518
Fotovoltaica,3298.105,0.09282886053673559
Fotovoltaica,4060.49,0.08051033875934888
Fotovoltaica,4561.035,0.07171139463264409
Fotovoltaica,4947.254999999999,0.050593928728552576
Fotovoltaica,5854.735,0.035094588649362074
Fotovoltaica,8258.865,0.027633084029916412
Fotovoltaica,10800.0,0.020400351957765066
Fotovoltaica,21600.0,0.014364276286845577
Fotovoltaica,35099.99999999999,0.011830180378354599
Fotovoltaica,52350.0,0.010013198416190057
Fotovoltaica,79650.0,0.007857457105147382
Fotovoltaica,128800.0,0.006911570611526617
Fotovoltaica,194050.0,0.005622525296964364
Fotovoltaica,292550.0,0.005103387593488782
Fotovoltaica,467049.99999999994,0.004377474703035635
Fotovoltaica,664550.0,0.0035987681478222614
Fotovoltaica,891550.0,0.0029696436427628686
Fotovoltaica,1136550.0,0.00291684997800264
Fotovoltaica,1405999.9999999998,0.0029916410030796305
Fotovoltaica,1733499.9999999998,0.003070831500219974
Fotovoltaica,2123000.0,0.0028816542014958204
Fotovoltaica,2571499.9999999995,0.0025868895732512097
Fotovoltaica,3090500.0,0.002432908051033876
Fotovoltaica,3658999.9999999995,0.002270127584689837
Fotovoltaica,4237500.0,0.0021381434227892653
Fotovoltaica,4892500.0,0.0020721513418389794
Fotovoltaica,5650000.0,0.002094148702155741
Fotovoltaica,6507999.999999999,0.0019137703475582929
Fotovoltaica,7710000.0,0.0017289925208974924
Fotovoltaica,9145000.0,0.0017245930488341398
Fotovoltaica,11030000.0,0.00161460624725033
Fotovoltaica,13730000.0,0.0015002199736031676
Fotovoltaica,17385000.0,0.0013858336999560052
Fotovoltaica,22292056.45,0.0015398152221733391
Fotovoltaica,30540000.0,0.001570611526616806
Fotovoltaica,42480000.0,0.001605807303123625
Fotovoltaica,60340000.0,0.0015794104707435106
Crude_Oil,1.0,1.0
Crude_Oil,1.0888676540850453,1.2575757575757573
Crude_Oil,1.1853798375537505,1.2499999999999998
Crude_Oil,1.2732919254658384,1.2234848484848484
Crude_Oil,1.3674151935021501,1.140151515151515
Crude_Oil,1.4749163879598663,1.1174242424242424
Crude_Oil,1.5843287147634972,1.1666666666666667
Crude_Oil,1.69708552317248,1.1931818181818181
Crude_Oil,1.8093645484949832,1.1704545454545454
Crude_Oil,1.9259436215957957,1.1325757575757576
Crude_Oil,2.051122790253225,1.2007575757575757
Crude_Oil,2.1763019589106545,1.1477272727272727
Crude_Oil,2.2933588150979456,1.0984848484848484
Crude_Oil,2.4161490683229814,1.0795454545454546
Crude_Oil,2.5384615384615388,1.0681818181818181
Crude_Oil,2.663640707118968,1.0568181818181819
Crude_Oil,2.79168657429527,1.0378787878787878
Crude_Oil,2.923076923076923,1.0189393939393938
Crude_Oil,3.0563784042044913,0.9962121212121211
Crude_Oil,3.1925465838509313,0.981060606060606
Crude_Oil,3.3373148590539894,0.962121212121212
Crude_Oil,3.491161012900143,0.9356060606060607
Photovoltaics_2,1.0,1.0
Photovoltaics_2,2.3125,0.7682775712515489
Photovoltaics_2,4.9375,0.6939281288723668
Photovoltaics_2,8.8125,0.6926889714993804
Photovoltaics_2,16.625,0.6146220570012392
Photovoltaics_2,27.5625,0.543990086741016
Photovoltaics_2,43.8125,0.3853779429987608
Photovoltaics_2,69.4375,0.33085501858736055
Photovoltaics_2,94.4375,0.25898389095415114
Photovoltaics_2,118.5,0.19206939281288724
Photovoltaics_2,140.6875,0.1449814126394052
Photovoltaics_2,167.875,0.13506815365551425
Photovoltaics_2,202.5625,0.1400247831474597
Photovoltaics_2,246.625,0.13878562577447337
Photovoltaics_2,292.875,0.12118959107806691
Photovoltaics_2,346.3125,0.09615861214374226
Photovoltaics_2,402.875,0.08004956629491945
Photovoltaics_2,473.0,0.07472118959107807
Photovoltaics_2,553.125,0.07125154894671623
Photovoltaics_2,661.71875,0.06741016109045848
Photovoltaics_2,783.125,0.06654275092936802
Photovoltaics_2,942.5,0.056629491945477076
Photovoltaics_2,1110.3125,0.05105328376703841
Photovoltaics_2,1300.3125,0.05328376703841388
Photovoltaics_2,1534.59375,0.047459727385377945
Photovoltaics_2,1848.03125,0.04237918215613383
Photovoltaics_2,2224.90625,0.03667905824039653
Photovoltaics_2,2546.78125,0.04076827757125155
Photovoltaics_2,2980.21875,0.04163568773234201
Photovoltaics_2,3458.65625,0.044733581164807926
Photovoltaics_2,4013.65625,0.043866171003717466
Photovoltaics_2,4854.59375,0.04337050805452292
Photovoltaics_2,6108.03125,0.040892193308550186
Onshore_Gas_Pipeline,1.0,1.0
Onshore_Gas_Pipeline,1.9195396157639943,1.2210195908044434
Onshore_Gas_Pipeline,2.3122393471145073,1.1528175278080208
Onshore_Gas_Pipeline,3.783930269723819,0.9935593235141003
Onshore_Gas_Pipeline,4.615949584173239,0.8169738692818989
Onshore_Gas_Pipeline,8.038483616009556,0.8002240090708621
Onshore_Gas_Pipeline,9.052343763054306,0.9241744881615498
Onshore_Gas_Pipeline,9.978615862802094,1.0743290613250613
Onshore_Gas_Pipeline,10.633596076872063,1.1065909990090246
Onshore_Gas_Pipeline,10.931302828225398,1.0625358463125478
Onshore_Gas_Pipeline,11.109751018848067,1.0076151789263166
Onshore_Gas_Pipeline,11.60683259002197,0.9455665781704838
Onshore_Gas_Pipeline,12.676099242730869,0.7065353933638866
Titanium_Sponge,1.0,1.0
Titanium_Sponge,9.620689655172415,0.9794520547945206
Titanium_Sponge,28.155172413793103,0.9691780821917809
Titanium_Sponge,66.79310344827586,0.9554794520547946
Titanium_Sponge,159.3793103448276,0.7602739726027398
Titanium_Sponge,286.9655172413793,0.5804794520547946
Titanium_Sponge,538.6896551724138,0.43321917808219174
Titanium_Sponge,836.1034482758621,0.3458904109589041
Titanium_Sponge,913.6896551724138,0.2910958904109589
Titanium_Sponge,980.8965517241379,0.2654109589041096
Titanium_Sponge,1072.4655172413793,0.23972602739726026
Titanium_Sponge,1188.448275862069,0.2226027397260274
Titanium_Sponge,1304.4827586206898,0.2106164383561644
Titanium_Sponge,1440.3275862068965,0.2071917808219178
Titanium_Sponge,1578.2586206896551,0.20376712328767124
Titanium_Sponge,1736.0172413793102,0.19863013698630136
Titanium_Sponge,2013.603448275862,0.19178082191780824
Titanium_Sponge,2344.8275862068967,0.18493150684931509
Wind_Electricity,1.0,1.0
Wind_Electricity,3.4325337331334334,0.8695516811955168
Wind_Electricity,5.5922038980509745,0.7858032378580324
Wind_Electricity,7.1622938530734634,0.6699875466998755
Wind_Electricity,8.489505247376313,0.5977584059775841
Wind_Electricity,8.815967016491754,0.529576587795766
Wind_Electricity,800.4362818590705,0.4551681195516812
Wind_Electricity,1845.6386806596702,0.400373599003736
Wind_Electricity,2951.69227886057,0.36052303860523044
Wind_Electricity,4033.972263868066,0.3150684931506849
Wind_Electricity,5160.594077961019,0.2823785803237858
Wind_Electricity,6452.613943028486,0.25155666251556663
Wind_Electricity,7638.615817091454,0.22696139476961397
Wind_Electricity,8850.785607196402,0.21575342465753425
Wind_Electricity,10083.182533733134,0.1964508094645081
Wind_Electricity,11217.251499250375,0.18679950186799504
Wind_Electricity,12899.409670164918,0.1824408468244085
Wind_Electricity,14995.834332833583,0.1718555417185554
Wind_Electricity,17521.071214392803,0.1665628891656289
Wind_Electricity,21401.985382308845,0.162826899128269
Wind_Electricity,25595.188905547227,0.15815691158156914
Wind_Electricity,30896.441154422788,0.150373599003736
Milk_(US),1.0,1.0
Milk_(US),2.0286647097585813,1.035480438511887
Milk_(US),3.0651270991832904,1.0562033589560578
Milk_(US),4.111094470736237,1.1056825962843513
Milk_(US),5.125701391800955,1.0656364821446331
Milk_(US),6.136154875297031,1.0331242114541472
Milk_(US),7.158639349827273,1.0211826699986795
Milk_(US),8.176111743445356,0.9782500323728729
Milk_(US),9.23251263004453,0.9718619766255052
Milk_(US),10.298747978194452,0.9647538674907413
Milk_(US),11.391141995646878,0.9410686802421135
Milk_(US),12.540206473771441,0.9415271771738914
Milk_(US),13.723666606761316,0.9698867528984343
Milk_(US),14.89199065476547,0.9753967406244618
Milk_(US),16.060374608119172,0.9316608244473314
Milk_(US),17.25676431238643,0.9126947098355677
Milk_(US),18.431877633339322,0.8905811525187943
Milk_(US),19.59817488368378,0.8843756149178051
Milk_(US),20.72310749016554,0.8459121242692791
Milk_(US),21.88230595658859,0.8392325160105432
Milk_(US),23.046486551249025,0.8362239142052124
Milk_(US),24.19148744982927,0.8297908853330193
Milk_(US),25.336388506160265,0.8045847407330837
Milk_(US),26.5367020108229,0.7882279467389204
Milk_(US),27.755715968769344,0.7632945510395718
Milk_(US),28.98322650212664,0.7321733359517504
Milk_(US),30.22985682621458,0.7075449607992675
Milk_(US),31.47417081012001,0.6771636350419915
Milk_(US),32.704427005331574,0.6543836632574234
Milk_(US),33.92239261966093,0.6344882729254825
Milk_(US),35.15154056590587,0.611634099855085
Milk_(US),36.40662752850496,0.5949479262835599
Milk_(US),37.667145909463045,0.5791608419635368
Milk_(US),38.91719083847521,0.5506021197376834
Milk_(US),40.184857924479324,0.5369640704705981
Milk_(US),41.424698975618526,0.5232909348350284
Milk_(US),42.62192735477945,0.5038198282010579
Milk_(US),43.80737434852932,0.48812283015330493
Milk_(US),44.9777751153178,0.47265909462751443
Milk_(US),46.137023502865475,0.45723198527308806
Milk_(US),47.30524770862038,0.44522483216139697
Milk_(US),48.48903732103277,0.4345630132538027
Milk_(US),49.68739391761017,0.44070772752621445
Milk_(US),50.84048203837936,0.4332737785769845
Milk_(US),51.994518660516384,0.4324725691051225
Milk_(US),53.14667824836758,0.4093200749904783
Milk_(US),54.346582399808305,0.3979084721030029
Milk_(US),55.571197507937455,0.3966466298193012
Milk_(US),56.783881467281695,0.38801318035768834
Milk_(US),58.01543561173346,0.3748986914499164
Milk_(US),59.2974699974041,0.3660289175194853
Milk_(US),60.62307554064578,0.36105176009609646
Milk_(US),61.978953253858904,0.353303633165296
Milk_(US),63.372631242636636,0.35558318009091405
Milk_(US),64.72400607040875,0.34240643297946294
Milk_(US),66.15187004532838,0.3362971192345651
Milk_(US),67.58341819924519,0.32303842098664864
Milk_(US),69.00673935182412,0.31435441560027644
Milk_(US),70.45479142954133,0.3113307771493674
Milk_(US),71.89145150661955,0.30166310550498515
Milk_(US),73.3663311967092,0.2966700022254499
Milk_(US),74.84097126540067,0.28632324807961923
Milk_(US),76.34744104315182,0.2836289873777511
Milk_(US),77.85142474889675,0.2756264591917686
Milk_(US),79.3850216657681,0.2718228527449289
Milk_(US),80.93549192276204,0.2895259374225394
Milk_(US),82.47312246650293,0.2643177387710475
Milk_(US),84.03157011921165,0.2594714506793566
Milk_(US),85.60170929930709,0.25102289310426384
Milk_(US),87.22503444557599,0.24506634733684862
Milk_(US),88.89632380838276,0.24550502705461755
Milk_(US),90.54703568361988,0.23964549573597413
Milk_(US),92.24498292697538,0.23768824458098017
Milk_(US),93.94623494878093,0.23508720233251357
Milk_(US),95.65287845204577,0.22791350004770047
Milk_(US),97.4193773837337,0.22413486284458026
Milk_(US),99.2343297589808,0.2207134040788728
Milk_(US),101.08794105313605,0.21864093669402937
HydrofluoricAcid,1.0,1.0
HydrofluoricAcid,1.0795698924731183,0.9782073807301168
HydrofluoricAcid,1.1696057347670252,0.9418022899833279
HydrofluoricAcid,1.2638948626045399,0.9501228086595713
HydrofluoricAcid,1.371995221027479,0.9091493703108283
HydrofluoricAcid,1.4996893667861408,0.9094844926432271
HydrofluoricAcid,1.6300597371565113,0.9412722044678676
HydrofluoricAcid,1.7742891278375148,0.9441333487951854
HydrofluoricAcid,1.930704898446834,0.998992490127585
HydrofluoricAcid,2.085973715651135,0.9987517277944511
HydrofluoricAcid,2.2456391875746715,0.9143205773937716
Transistor,1.0,1.0
Transistor,2.5,0.6042311441649216
Transistor,5.0,0.30919673682074633
Transistor,9.5,0.16529957717466268
Transistor,19.5,0.09179953349336943
Transistor,44.5,0.054803939718541014
Transistor,89.5,0.018226108008960525
Transistor,189.5,0.009185256376097156
Transistor,439.5,0.005124595803674559
Transistor,939.5,0.0030700962119444082
Transistor,1939.5,0.0014180183672756579
Transistor,4439.5,0.0008238119482305319
Transistor,9439.5,0.0003840357905542463
Transistor,19439.5,0.00018725672023101842
Transistor,39439.5,0.00013560869308531612
Transistor,74439.5,0.0001227118934667593
Transistor,129439.5,5.530867977608688e-05
Transistor,229439.5,3.9266449177704275e-05
Transistor,404439.5,2.758313950760714e-05
Transistor,704439.5,2.12760191933677e-05
Transistor,1204439.5,1.0960373523856088e-05
Transistor,2204439.5,6.279088668398373e-06
Transistor,3761880.5755,4.204746876159625e-06
Transistor,6202990.82,2.915291167470673e-06
Transistor,9958363.27,2.5340607840322004e-06
Transistor,15423428.46,2.1388145776731955e-06
Transistor,23783191.955,1.878120271351299e-06
Transistor,37012739.855,1.1773291253246949e-06
Transistor,55934784.2,6.643500064332208e-07
Transistor,89634784.2,3.279702563404507e-07
Transistor,150634784.2,2.3322329339765386e-07
Transistor,254134784.2,1.8697107775989798e-07
Transistor,427634784.2,8.045082356385415e-08
Transistor,694134784.0,5.466170939007512e-08
Transistor,1082134784.0,4.1767152303185605e-08
Transistor,1687134784.0,3.195607625881315e-08
Transistor,2847134784.0,1.2894557086889517e-08
CarbonDisulfide,1.0,1.0
CarbonDisulfide,1.0501272401571473,0.988083051599539
CarbonDisulfide,1.1015461024533133,0.971200483218453
CarbonDisulfide,1.1597075398442367,0.9739972376713872
CarbonDisulfide,1.2175460717004052,0.9147913927918755
CarbonDisulfide,1.2708716142970269,1.0156360765803538
CarbonDisulfide,1.3318085016414365,0.9885374507076261
CarbonDisulfide,1.3932143708339422,0.9028494307968068
CarbonDisulfide,1.448638799406469,0.8217437575979859
CarbonDisulfide,1.507069324743021,0.7980020608617696
Primary_Aluminum,1.0,1.0
Primary_Aluminum,1.0971694127587663,0.979296066252588
Primary_Aluminum,1.1723700887198987,1.2008281573498965
Primary_Aluminum,1.216307562315167,1.2277432712215322
Primary_Aluminum,1.2526404731727925,1.0579710144927537
Primary_Aluminum,1.2839036755386566,0.9958592132505176
Primary_Aluminum,1.3346007604562737,0.9937888198757764
Primary_Aluminum,1.4292353189691593,0.9337474120082816
Primary_Aluminum,1.5525982256020279,0.9440993788819877
Primary_Aluminum,1.6734262779890157,0.958592132505176
Primary_Aluminum,1.8119983100971695,0.8819875776397516
Primary_Aluminum,1.9860583016476552,0.7246376811594203
Primary_Aluminum,2.247148288973384,0.5859213250517598
Primary_Aluminum,2.6873679763413603,0.546583850931677
Primary_Aluminum,3.4647232784114914,0.5341614906832298
Primary_Aluminum,4.120405576679341,0.5196687370600415
Primary_Aluminum,4.5386565272496835,0.46583850931677023
Primary_Aluminum,4.885086607520067,0.41614906832298143
Primary_Aluminum,5.368398817068019,0.4099378881987578
Primary_Aluminum,5.894803548795944,0.4451345755693582
Primary_Aluminum,6.404309252217997,0.4575569358178054
Primary_Aluminum,7.011829319814111,0.4596273291925466
Primary_Aluminum,7.719053654414871,0.4596273291925466
Primary_Aluminum,8.510773130544994,0.4906832298136646
Primary_Aluminum,9.568652302492607,0.5031055900621118
Primary_Aluminum,10.803126320236586,0.5383022774327122
Primary_Aluminum,12.126320236586396,0.5734989648033127
Primary_Aluminum,13.544993662864385,0.5838509316770186
Primary_Aluminum,14.937473595268273,0.556935817805383
Primary_Aluminum,16.26066751161808,0.5486542443064183
Primary_Aluminum,17.911702577101817,0.5217391304347826
Primary_Aluminum,19.61343472750317,0.4451345755693582
Primary_Aluminum,21.22222222222222,0.4679089026915114
Primary_Aluminum,23.01182931981411,0.43685300207039335
Primary_Aluminum,24.70173215040135,0.4513457556935818
Primary_Aluminum,27.12336290663287,0.4575569358178054
Primary_Aluminum,29.4503591043515,0.4451345755693582
Primary_Aluminum,32.00887198986058,0.4409937888198758
Primary_Aluminum,34.71989860583017,0.43478260869565216
Acrylonitrile,1.0,1.0
Acrylonitrile,1.2522258414766558,0.8545090501377705
Acrylonitrile,1.501085776330076,0.668147070204794
Acrylonitrile,1.771986970684039,0.5665424192132276
Acrylonitrile,2.1629750271444084,0.5293070386017146
Acrylonitrile,2.657328990228013,0.6004329674044007
Acrylonitrile,3.3024972855591748,0.6026895677610211
Acrylonitrile,4.1402823018458195,0.46791594091202526
Acrylonitrile,4.917806731813247,0.42696124070856917
Acrylonitrile,5.6461454940282305,0.43011505037974207
Acrylonitrile,6.754723127035831,0.41243285638742333
Acrylonitrile,8.010532030401738,0.368522665108482
Acrylonitrile,9.138979370249729,0.3313915015894047
Acrylonitrile,10.201845819761129,0.3342755242463788
Photovoltaics_4,1.0,1.0
Photovoltaics_4,2.0,0.7523856718139339
Photovoltaics_4,4.0,0.5489007351775198
Photovoltaics_4,6.499999999999999,0.38835045250929867
Photovoltaics_4,9.694444444444445,0.3263070340508137
Photovoltaics_4,14.749999999999998,0.2765233690226629
Photovoltaics_4,23.85185185185185,0.22108562550743707
Photovoltaics_4,35.93518518518518,0.19864050220402582
Photovoltaics_4,54.175925925925924,0.1603625094993635
Photovoltaics_4,86.49074074074073,0.1490078859334474
Photovoltaics_4,123.06481481481481,0.13008720625339137
Photovoltaics_4,165.10185185185185,0.10760797133754768
Photovoltaics_4,210.4722222222222,0.09148497221378803
Photovoltaics_4,260.3703703703703,0.08545079302740415
Photovoltaics_4,321.0185185185185,0.08830965920717097
Photovoltaics_4,393.14814814814815,0.09133962162789289
Photovoltaics_4,476.20370370370364,0.08461369068199234
Photovoltaics_4,572.3148148148148,0.07882954086845506
Photovoltaics_4,677.5925925925925,0.07371947193530251
Photovoltaics_4,784.7222222222222,0.06973732592850311
Photovoltaics_4,906.0185185185185,0.0644796171386976
Photovoltaics_4,1046.2962962962963,0.06028171626261396
Photovoltaics_4,1205.185185185185,0.060071509435160333
Photovoltaics_4,1427.7777777777776,0.0541304646565598
Photovoltaics_4,1693.5185185185185,0.05000359528833115
Photovoltaics_4,2042.5925925925924,0.0490715940290423
Photovoltaics_4,2542.5925925925926,0.0474743398396873
Photovoltaics_4,3219.4444444444443,0.04341622827830692
PolyesterFiber,1.0,1.0
PolyesterFiber,1.351342050929112,0.9351569353658337
PolyesterFiber,1.6988988300068821,0.9057640290755229
PolyesterFiber,2.2105987611837574,0.9057640290755229
PolyesterFiber,2.923262216104611,0.7812190497791005
PolyesterFiber,3.7715072264280796,0.6615647067530308
PolyesterFiber,5.073984858912595,0.6317824084163839
PolyesterFiber,6.7918100481761865,0.4374317508347558
PolyesterFiber,9.229525120440467,0.41046828399975877
PolyesterFiber,12.948726772195457,0.32940810611407145
PolyesterFiber,17.429456297315898,0.2879464743839141
PolyesterFiber,22.472126634549205,0.2537926940005518
PolyesterFiber,28.732966276668957,0.23420470775118646
Geothermal_Electricity,1.0,1.0
Geothermal_Electricity,1.1907227550508692,0.9489633171717172
Geothermal_Electricity,1.4044944453849477,0.8978675644444444
Geothermal_Electricity,1.586562289220896,0.8467023175757576
Geothermal_Electricity,1.8149561305019584,0.7954545454545454
Geothermal_Electricity,2.10596091248195,0.7441077440808082
Geothermal_Electricity,2.4565435777791036,0.6926406926060606
Geothermal_Electricity,2.844071819664875,0.6670601751919192
Geothermal_Electricity,3.249176019473945,0.6410256410505051
Geothermal_Electricity,3.6364082001913363,0.5919661733333333
Geothermal_Electricity,4.185049696733737,0.5803439431919192
Geothermal_Electricity,4.765302179953835,0.5545680767676768
Geothermal_Electricity,5.36556174382923,0.5194805195151515
Geothermal_Electricity,5.972269538749482,0.4737833648484849
Geothermal_Electricity,6.603436798346779,0.4587088273939394
Geothermal_Electricity,7.187493225838504,0.4454545454545455
Geothermal_Electricity,7.690449758457321,0.43929146537373737
Geothermal_Electricity,8.229137622126173,0.4060065373737374
Geothermal_Electricity,8.782766442927132,0.3778040141414141
Geothermal_Electricity,9.338192909547429,0.35768675765656566
Geothermal_Electricity,9.895615486356316,0.3492552644848485
Geothermal_Electricity,10.425448733803716,0.34098207507070705
Geothermal_Electricity,10.942023817002543,0.33269977882828283
Geothermal_Electricity,11.486825616362697,0.31884274844444443
Geothermal_Electricity,12.029105576089355,0.2994152046868687
Geothermal_Electricity,12.58592520318161,0.2924871612121212
Solar_Thermal,1.0,1.0
Solar_Thermal,1.8615384615384616,0.6967852611605042
Solar_Thermal,3.707692307692308,0.7306124225428167
Solar_Thermal,7.707692307692308,0.8388765952744727
Solar_Thermal,9.553846153846154,0.7705830843687608
Solar_Thermal,12.63076923076923,0.5462228209519666
Solar_Thermal,17.676923076923078,0.5072698166236747
Solar_Thermal,22.65353846153846,0.7096449490116772
Solar_Thermal,22.83323076923077,0.4700916355925485
Cyclohexane,1.0,1.0
Cyclohexane,1.0985576923076923,0.9338686640303436
Cyclohexane,1.2692307692307692,0.9377638409030541
Cyclohexane,1.3918269230769231,0.8998580545195746
Cyclohexane,1.5360576923076923,0.8915771521763466
Cyclohexane,1.7451923076923077,0.8574213512432027
Cyclohexane,2.0048076923076925,0.7682103542827552
Cyclohexane,2.324519230769231,0.6929257395497022
Cyclohexane,2.7235576923076925,0.6572161393827086
Cyclohexane,3.2283653846153846,0.690153118268266
Cyclohexane,3.858173076923077,0.6716155233811965
Cyclohexane,4.560096153846154,0.6209533632655649
Cyclohexane,5.216346153846154,0.5372465981120356
Cyclohexane,5.971153846153846,0.5250410858267848
Cyclohexane,6.795673076923077,0.5175524379290007
Cyclohexane,7.475961538461538,0.4690974107612625
Cyclohexane,8.122596153846153,0.41626907091217585
DRAM,1.0,1.0
DRAM,5.119565217391304,0.7630647129009991
DRAM,14.130434782608695,0.47379263184194487
DRAM,35.72826086956522,0.22169266179153038
DRAM,82.14130434782608,0.11007754308696453
DRAM,224.16304347826085,0.062045254969576843
DRAM,524.2391304347826,0.03762867356074539
DRAM,1245.8260869565217,0.027379131835687225
DRAM,2809.6521739130435,0.019380745056534934
DRAM,6258.304347826087,0.00821132360370607
DRAM,11163.380434782608,0.004505336677702199
DRAM,23685.565217391304,0.0033478221113121837
DRAM,55912.184782608696,0.0026611721728472134
DRAM,130280.40217391304,0.0008243613318534552
DRAM,225409.1086956522,0.000498837577858574
DRAM,434547.3043478261,0.0004799610511132557
DRAM,712382.5434782609,0.0006688896158898007
DRAM,1179127.0869565217,0.0005772507234091165
DRAM,1866036.9673913044,0.0002732784502681312
DRAM,2899290.3695652173,0.00017230783096125574
DRAM,4580367.130434782,0.00011868578229122496
DRAM,7673452.630434783,0.00012142885540599645
DRAM,12214712.760869564,0.00011849320867630111
DRAM,20378632.010869563,0.00011694915762284615
DRAM,34520588.467391305,3.9348520271904955e-05
DRAM,59910890.65217391,1.5600558311027902e-05
DRAM,109534672.39130434,5.852464309216775e-06
DRAM,202118235.54347825,4.931293691353669e-06
DRAM,362256718.91304344,3.7637952717799083e-06
DRAM,648817440.2173914,8.959031131135959e-07
DRAM,1104982625.0,8.533856772370184e-07
DRAM,1746180147.826087,6.529463366760106e-07
DRAM,2640761966.304348,6.377615381486615e-07
DRAM,4076991935.869565,3.8873084230013654e-07
DRAM,6245033107.608695,3.371025273071497e-07
DRAM,9446200360.869566,1.5913668856661839e-07
SodiumHydrosulfite,1.0,1.0
SodiumHydrosulfite,1.0328389830508475,1.02916139741959
SodiumHydrosulfite,1.069915254237288,1.0332369089229994
SodiumHydrosulfite,1.1122881355932204,0.975368718373836
SodiumHydrosulfite,1.1504237288135593,0.9708468008978673
SodiumHydrosulfite,1.1927966101694916,1.0423035734360506
SodiumHydrosulfite,1.2330508474576272,0.9074633013157634
SodiumHydrosulfite,1.277542372881356,0.8308164761756751
SodiumHydrosulfite,1.3220338983050848,0.8872402159673186
EthylAlcohol,1.0,1.0
EthylAlcohol,1.1091204410099917,1.0189011221287314
EthylAlcohol,1.2224737904218141,1.1023525119634103
EthylAlcohol,1.3445390559629866,1.1033532809350561
EthylAlcohol,1.4694098538170006,1.1281153182029362
EthylAlcohol,1.5918688782792734,1.1157980667865681
EthylAlcohol,1.7207264852094304,1.1452170533590478
EthylAlcohol,1.8607077816606783,1.04638401370367
EthylAlcohol,2.0071368804449476,1.0749869287937204
EthylAlcohol,2.1474134960870206,1.0456531755362488
EthylAlcohol,2.2845400403602896,1.0039639729668541
EthylAlcohol,2.425653393709701,0.9752527106974281
EthylAlcohol,2.591967318009549,1.0085365369963055
EthylAlcohol,2.743367623172712,0.9050877799042029
EthylAlcohol,2.8671063641285626,0.7960682109244931
Ethanol_2,1.0,1.0
Ethanol_2,1.9999999997582412,1.0177281680892973
Ethanol_2,4.1354283571592845,0.9684832567301378
Ethanol_2,6.885895997332891,0.9061063690085357
Ethanol_2,10.033670034235767,0.8686802363755746
Ethanol_2,14.237186679357526,0.7833223900196978
Ethanol_2,20.186307521159513,0.7695338148391333
Ethanol_2,27.070707066213778,0.8023637557452397
Ethanol_2,35.72465395132913,0.6106369008535785
Ethanol_2,43.19416385808924,0.6434668417596848
Ethanol_2,52.427235312719056,0.5594221930400525
Ethanol_2,61.049008602580535,0.469468154957321
Ethanol_2,69.75009353320837,0.42678923177938277
Ethanol_2,78.36812570143924,0.434274458305975
Ethanol_2,87.99251777511247,0.4504267892317793
Ethanol_2,96.79610923534155,0.40446487196323044
Ethanol_2,105.17471006646733,0.4038082731451083
Monochrome_Television,1.0,1.0
Monochrome_Television,6.444444444444445,0.8412162162162162
Monochrome_Television,23.11111111111111,0.7635135135135135
Monochrome_Television,64.55555555555556,0.7027027027027027
Monochrome_Television,94.44444444444444,0.6655405405405406
Monochrome_Television,128.33333333333334,0.652027027027027
Monochrome_Television,168.44444444444446,0.527027027027027
Monochrome_Television,209.27777777777777,0.5135135135135135
Monochrome_Television,252.38888888888889,0.4560810810810811
Monochrome_Television,293.44444444444446,0.4527027027027027
Monochrome_Television,329.0,0.4560810810810811
Monochrome_Television,356.3333333333333,0.42567567567567566
Monochrome_Television,391.6111111111111,0.42905405405405406
Monochrome_Television,423.3333333333333,0.39864864864864863
Monochrome_Television,457.6666666666667,0.40878378378378377
Monochrome_Television,493.6111111111111,0.3716216216216216
Monochrome_Television,533.2222222222222,0.33783783783783783
Monochrome_Television,578.2777777777778,0.28885135135135137
Monochrome_Television,624.7222222222222,0.3141891891891892
Monochrome_Television,664.9444444444445,0.30574324324324326
Monochrome_Television,691.5,0.30067567567567566
Polyvinylchloride,1.0,1.0
Polyvinylchloride,1.3705722070844686,0.9914712153518125
Polyvinylchloride,1.8419618528610355,1.0511727078891258
Polyvinylchloride,2.4604904632152587,0.9850746268656717
Polyvinylchloride,3.346049046321526,0.9722814498933903
Polyvinylchloride,4.4659400544959125,0.9509594882729212
Polyvinylchloride,5.435967302452316,0.9424307036247336
Polyvinylchloride,6.62125340599455,0.9040511727078892
Polyvinylchloride,7.700272479564033,0.7974413646055437
Polyvinylchloride,9.136239782016348,0.7270788912579959
Polyvinylchloride,10.871934604904633,0.6353944562899787
Polyvinylchloride,12.749318801089919,0.5756929637526653
Polyvinylchloride,14.539509536784742,0.5245202558635395
Polyvinylchloride,17.005449591280655,0.4754797441364606
Polyvinylchloride,19.555858310626704,0.3880597014925373
Polyvinylchloride,22.21798365122616,0.36247334754797444
Polyvinylchloride,25.52861035422343,0.35820895522388063
Polyvinylchloride,29.30517711171662,0.3326226012793177
Polyvinylchloride,33.76566757493188,0.3283582089552239
Polyvinylchloride,38.771117166212534,0.30063965884861404
Polyvinylchloride,44.6566757493188,0.27292110874200426
Polyvinylchloride,50.49318801089918,0.2622601279317697
Nuclear_Electricity,1.0,1.0
Nuclear_Electricity,1.169726919544609,1.535513172164973
Nuclear_Electricity,1.2970221092030656,2.4542433727182478
Nuclear_Electricity,1.5938133923414541,2.1399743857123177
Nuclear_Electricity,1.9249578580151814,3.2845334764623497
Nuclear_Electricity,2.7563605839885432,3.8802113003023138
Nuclear_Electricity,3.4953711552591518,5.561609947067432
Nuclear_Electricity,3.716847812572912,5.743627873397815
Nuclear_Electricity,4.25828941543918,6.909714589851809
Nuclear_Electricity,4.502220944208692,7.319703611398586
Nuclear_Electricity,4.572574873946427,5.10722282432268
Nuclear_Electricity,4.72243101438535,6.552225569672096
Nuclear_Electricity,5.078834207977592,7.823268374588447
Nuclear_Electricity,5.174405314786666,10.399337378608672
Nuclear_Electricity,5.428641389159031,9.424053859577125
Nuclear_Electricity,6.656019486259376,10.892560357564347
Nuclear_Electricity,6.749789366134783,11.213612397899842
Nuclear_Electricity,8.580542423286397,11.384625673106955
Nuclear_Electricity,9.104824634586704,10.14218440088358
Nuclear_Electricity,9.174412671599994,12.90285399058727
PolyethyleneLD,1.0,1.0
PolyethyleneLD,1.3358562367864695,0.9896800822949755
PolyethyleneLD,1.7923467230443972,0.8584605509467164
PolyethyleneLD,2.262832980972516,0.7049456385316234
PolyethyleneLD,2.820803382663848,0.6372517667352621
PolyethyleneLD,3.4941649048625796,0.5573346297881995
PolyethyleneLD,4.23200845665962,0.5109409890013297
PolyethyleneLD,5.075602536997885,0.5113165482980139
PolyethyleneLD,6.032431289640592,0.51385938227884
PolyethyleneLD,7.151923890063425,0.4289497353156255
PolyethyleneLD,8.300507399577167,0.3495672354754591
PolyethyleneLD,9.69860465116279,0.3419706452706672
PolyethyleneLD,11.339323467230445,0.34040975502314147
PolyethyleneLD,13.131966173361521,0.32534888083979446
PolyethyleneLD,15.031120507399576,0.3056851470170205
Solar_Thermal_Electricity,1.0,1.0
Solar_Thermal_Electricity,3.1739130434782603,1.1150384755133556
Solar_Thermal_Electricity,7.521739130434782,1.2149836620180292
Solar_Thermal_Electricity,9.695652173913043,1.0970095950456522
Solar_Thermal_Electricity,14.043478260869565,0.7886491976362693
Solar_Thermal_Electricity,19.840579710144926,0.9071382477954782
Polypropylene,1.0,1.0
Polypropylene,2.64,0.9168765743073047
Polypropylene,6.52,0.7858942065491183
Polypropylene,12.32,0.6826196473551638
Polypropylene,20.2,0.5566750629722922
Polypropylene,31.12,0.5037783375314862
Polypropylene,46.08,0.4408060453400503
Polypropylene,68.2,0.4408060453400503
Polypropylene,94.2,0.43324937027707805
Laser_Diode,1.0,1.0
Laser_Diode,11.0,0.5714285714285714
Laser_Diode,110.0,0.42857142857142855
Laser_Diode,1100.0,0.2857142857142857
Laser_Diode,3000.0,0.21428571428571427
Laser_Diode,6000.0,0.11428571428571428
Laser_Diode,11500.0,0.08571428571428572
Laser_Diode,18500.0,0.05714285714285714
Laser_Diode,31500.0,0.04857142857142857
Laser_Diode,50300.0,0.04
Laser_Diode,65800.0,0.04
Laser_Diode,84000.0,0.04
Trichloroethane,1.0,1.0
Trichloroethane,1.0971600000000001,0.997434559052711
Trichloroethane,1.20516,0.9586209750345198
Trichloroethane,1.32492,0.9500471251079368
Trichloroethane,1.45464,0.8002589569636386
Trichloroethane,1.6011600000000001,0.7363848773438377
Trichloroethane,1.751,0.6905266574522292
Electric_Power,1.0,1.0
Electric_Power,1.1983333333333333,0.8568376068376068
Electric_Power,1.4316666666666666,0.7200854700854701
Electric_Power,1.6966666666666668,0.6196581196581196
Electric_Power,2.006666666666667,0.6068376068376068
Electric_Power,2.3366666666666664,0.6132478632478632
Electric_Power,2.66,0.5811965811965812
Electric_Power,2.9783333333333335,0.5064102564102564
Electric_Power,3.341666666666667,0.4786324786324786
Electric_Power,3.743333333333333,0.49786324786324787
Electric_Power,4.158333333333333,0.4786324786324786
Electric_Power,4.626666666666667,0.438034188034188
Electric_Power,5.156666666666666,0.43589743589743585
Electric_Power,5.7283333333333335,0.4252136752136752
Electric_Power,6.368333333333333,0.4188034188034188
Electric_Power,7.053333333333334,0.39102564102564097
Electric_Power,7.855,0.37179487179487175
Electric_Power,8.738333333333333,0.3611111111111111
Electric_Power,9.668333333333333,0.3653846153846154
Electric_Power,10.616666666666667,0.35256410256410253
Electric_Power,11.661666666666667,0.33547008547008544
Electric_Power,12.796666666666667,0.344017094017094
Electric_Power,13.998333333333333,0.3376068376068376
Electric_Power,15.291666666666666,0.32692307692307687
Electric_Power,16.676666666666666,0.3162393162393162
Electric_Power,18.16,0.31410256410256404
Electric_Power,20.09,0.3098290598290598
Electric_Power,22.171666666666667,0.3055555555555555
Electric_Power,24.366666666666667,0.3034188034188034
Magnesium,1.0,1.0
Magnesium,1.0882949075247024,1.083426569106443
Magnesium,1.1656954649100584,1.2032447013654877
Magnesium,1.252216873574867,1.202827226525399
Magnesium,1.3552064859386876,1.2078442326956356
Magnesium,1.3933367114264,1.1953793797437637
Magnesium,1.4326070433240436,1.1843789561114795
Magnesium,1.4834051178109957,1.1819618563088519
Magnesium,1.5349632632379022,1.1855912169826501
Magnesium,1.6223714213326579,1.1855912169826501
Magnesium,1.7183937167468963,1.1750612201753539
Magnesium,1.819103116290854,1.1480489106384908
Magnesium,1.922219407144667,1.1096144192897488
Magnesium,2.0233088421586016,1.083716928669516
Magnesium,2.1466936914111985,1.0626323879596749
Magnesium,2.2713453255637193,1.0364049115543215
Magnesium,2.3978971370661264,0.9883034541338643
Magnesium,2.5397770458576137,0.9900255534749707
Magnesium,2.6962249809982266,0.989711990056169
Shotgun_Sanger_DNA_Sequencing,1.0,1.0
Shotgun_Sanger_DNA_Sequencing,1.9944945667874048,0.8756400212475165
Shotgun_Sanger_DNA_Sequencing,3.150885906239121,0.7659615109965046
Shotgun_Sanger_DNA_Sequencing,4.573394665303734,0.572245157403808
Shotgun_Sanger_DNA_Sequencing,6.602131434116279,0.4101203677775448
Shotgun_Sanger_DNA_Sequencing,8.807298726694963,0.29130671478136155
Shotgun_Sanger_DNA_Sequencing,11.430054887669163,0.2840644315165319
Shotgun_Sanger_DNA_Sequencing,14.174763153411405,0.2639002028333292
Shotgun_Sanger_DNA_Sequencing,17.31001014792264,0.249873320547369
Shotgun_Sanger_DNA_Sequencing,20.38390443175337,0.2302757208936982
Shotgun_Sanger_DNA_Sequencing,23.571811737516946,0.23056819733211822
Shotgun_Sanger_DNA_Sequencing,27.248875210180515,0.19666602310131584
Shotgun_Sanger_DNA_Sequencing,31.05507618349222,0.1793456422849524
Shotgun_Sanger_DNA_Sequencing,34.754297311911586,0.16718861963694695
Shotgun_Sanger_DNA_Sequencing,38.83071265082998,0.16323824460249375
Shotgun_Sanger_DNA_Sequencing,42.88818100338511,0.14926243069789263
Shotgun_Sanger_DNA_Sequencing,47.05429879336015,0.13407453166590177
Shotgun_Sanger_DNA_Sequencing,51.09288941727221,0.12891979446268878
Shotgun_Sanger_DNA_Sequencing,54.813154152129954,0.12721462757800447
Shotgun_Sanger_DNA_Sequencing,58.50774797597091,0.10185289390686939
Shotgun_Sanger_DNA_Sequencing,62.25621838033229,0.10126318628944932
Shotgun_Sanger_DNA_Sequencing,65.64247424131315,0.13145211460978748
Shotgun_Sanger_DNA_Sequencing,67.80931201528855,0.16065242547999511
Shotgun_Sanger_DNA_Sequencing,68.91402376243491,0.21749427694368872
Shotgun_Sanger_DNA_Sequencing,69.91538299148908,0.26144008795044515
Pentaerythritol,1.0,1.0
Pentaerythritol,1.2000978473581214,0.994509840828772
Pentaerythritol,1.4755381604696673,0.9482398163307634
Pentaerythritol,1.7382583170254404,0.9212617219676175
Pentaerythritol,2.037671232876712,0.9083167169003762
Pentaerythritol,2.3170254403131114,0.8382180291061271
Pentaerythritol,2.593444227005871,0.7762160324883586
Pentaerythritol,2.854207436399217,0.7876629359870234
Pentaerythritol,3.1678082191780823,0.7835435870525468
Pentaerythritol,3.48238747553816,0.7565395252296996
Pentaerythritol,3.7876712328767126,0.680502341752767
Pentaerythritol,4.090998043052838,0.6332260634088009
Pentaerythritol,4.429549902152641,0.6434839366689032
Pentaerythritol,4.768590998043053,0.5844415240077404
Pentaerythritol,5.107632093933463,0.6021997813970816
Pentaerythritol,5.50293542074364,0.5673529769686532
Pentaerythritol,5.922211350293542,0.5513275379060919
Pentaerythritol,6.37426614481409,0.5619253453075522
Pentaerythritol,6.824363992172212,0.5379835583084818
Pentaerythritol,7.24119373776908,0.46851150768303934
Pentaerythritol,7.6722113502935425,0.3644046437106512
Ethylene_2,1.0,1.0
Ethylene_2,1.1691803704064092,0.9979591836447167
Ethylene_2,1.3471830300671401,0.941739234044896
Ethylene_2,1.5522363854561967,0.9030842634577744
Ethylene_2,1.784145827251792,0.9362019962671443
Ethylene_2,2.0489766793162727,0.8039479483681937
Ethylene_2,2.3420907528137263,0.8015432363718644
Ethylene_2,2.674353734877234,0.7513361029771524
Ethylene_2,3.02679121663261,0.6457382952995225
Ethylene_2,3.4505530148227432,0.6086129079068346
Ethylene_2,3.9638999708086016,0.5465191501847342
Ethylene_2,4.517401316856411,0.5099749272578159
Ethylene_2,5.0842009665596315,0.4883762549499148
VinylAcetate,1.0,1.0
VinylAcetate,1.131827731092437,0.9588426722156599
VinylAcetate,1.2778361344537814,0.9084486124921117
VinylAcetate,1.4448529411764706,0.8624222906908118
VinylAcetate,1.6575630252100841,0.7453690291967036
VinylAcetate,1.888655462184874,0.6947668454856716
VinylAcetate,2.157563025210084,0.6768823387819924
VinylAcetate,2.475840336134454,0.6922020170449831
VinylAcetate,2.7925420168067228,0.6521300211409309
VinylAcetate,3.169642857142857,0.5978021199913309
VinylAcetate,3.553046218487395,0.49066386261762723
VinylAcetate,3.9747899159663866,0.4277311946569913
VinylAcetate,4.463760504201681,0.3728746123995701
CarbonBlack,1.0,1.0
CarbonBlack,1.0554190077823922,0.9947365281835241
CarbonBlack,1.1140935582133902,0.9887444394615538
CarbonBlack,1.1781973367367797,0.9685659813942297
CarbonBlack,1.2401124732651647,0.9786345824199021
CarbonBlack,1.3102038577931112,0.9506192464135343
CarbonBlack,1.3840717715037816,0.9530332680266935
CarbonBlack,1.4571395097242512,0.9191109925520605
CarbonBlack,1.5323485275275326,0.9032797166351695
Aniline,1.0,1.0
Aniline,1.0424949781810624,0.8437511835755352
Aniline,1.0901156750017316,0.8808007379827166
Aniline,1.1436586548451892,0.8773303558237879
Aniline,1.2025005194985108,0.8227629798008893
Aniline,1.2702084920689893,0.7095177256646276
Aniline,1.352981921451825,0.6565418866537923
Aniline,1.4311144974717738,0.6437470758208471
Aniline,1.5223384359631502,0.6173122736316958
Aniline,1.6380480709288632,0.6447403875288431
Aniline,1.776026875389624,0.5973919625825271
Aniline,1.9027845120177322,0.45453339509411217
PhthalicAnhydride,1.0,1.0
PhthalicAnhydride,1.112407570721118,0.9444900284622479
PhthalicAnhydride,1.2193202632114513,0.9254698174270362
PhthalicAnhydride,1.340004070280171,0.9395931586598278
PhthalicAnhydride,1.442202021572485,0.7736381850987059
PhthalicAnhydride,1.5635981276711215,0.8370131720401435
PhthalicAnhydride,1.699647242385184,0.8394936446691073
PhthalicAnhydride,1.8284716097958076,0.665702882049374
PhthalicAnhydride,1.97344142188454,0.4644594157934478
PhthalicAnhydride,2.1289939624177463,0.46588998891928995
PhthalicAnhydride,2.318092395359881,0.3984819547160241
PhthalicAnhydride,2.5244216810257107,0.4381898946158964
PhthalicAnhydride,2.753442778644597,0.5413075654731447
PhthalicAnhydride,3.000203514008548,0.5619105406425846
PhthalicAnhydride,3.252493046604708,0.49293139421984405
PhthalicAnhydride,3.5102774574316533,0.3837157087125314
PhthalicAnhydride,3.759242927888203,0.29311469865620304
PhthalicAnhydride,4.02869547520521,0.27269041267484495
Capillary_DNA_Sequencing,1.0,1.0
Capillary_DNA_Sequencing,22.500000000000004,0.5322085889570553
Capillary_DNA_Sequencing,67.5,0.30368098159509205
Capillary_DNA_Sequencing,144.00000000000003,0.25306748466257667
Capillary_DNA_Sequencing,248.5,0.19785276073619634
Capillary_DNA_Sequencing,388.5,0.1717791411042945
Capillary_DNA_Sequencing,525.0,0.11656441717791412
Capillary_DNA_Sequencing,688.5000000000001,0.14877300613496933
MaleicAnhydride,1.0,1.0
MaleicAnhydride,1.1480576594185192,0.8973812271971816
MaleicAnhydride,1.368189591986318,0.8209617215486693
MaleicAnhydride,1.55802589787442,0.6336469001048871
MaleicAnhydride,1.7632543366723674,0.5059751809854001
MaleicAnhydride,1.9748350842902516,0.464807192220781
MaleicAnhydride,2.263376496457366,0.43806591653870325
MaleicAnhydride,2.5765941851942338,0.46791194180015677
MaleicAnhydride,2.988516980210115,0.4780248734377859
MaleicAnhydride,3.3994624969460054,0.44055708961581297
MaleicAnhydride,3.843391155631566,0.511332869300807
MaleicAnhydride,4.3337405326166625,0.5324516644798706
MaleicAnhydride,4.859271927681408,0.4702534466610178
MaleicAnhydride,5.417786464695822,0.4082662374832937
Refined_Cane_Sugar,1.0,1.0
Refined_Cane_Sugar,1.0131147540983607,0.9722719141323793
Refined_Cane_Sugar,1.0245901639344261,0.9141323792486583
Refined_Cane_Sugar,1.044262295081967,0.9731663685152057
Refined_Cane_Sugar,1.060655737704918,0.8899821109123436
Refined_Cane_Sugar,1.0737704918032787,0.9472271914132379
Refined_Cane_Sugar,1.0934426229508196,0.9445438282647585
Refined_Cane_Sugar,1.1065573770491803,0.8837209302325582
Refined_Cane_Sugar,1.1213114754098361,0.8559928443649374
Refined_Cane_Sugar,1.139344262295082,0.8264758497316637
Refined_Cane_Sugar,1.1557377049180328,0.8649373881932021
Refined_Cane_Sugar,1.1655737704918032,0.9910554561717352
Refined_Cane_Sugar,1.1852459016393442,0.8676207513416816
Refined_Cane_Sugar,1.20327868852459,0.8980322003577819
Refined_Cane_Sugar,1.221311475409836,0.8899821109123436
Refined_Cane_Sugar,1.2377049180327868,0.8747763864042933
Refined_Cane_Sugar,1.2557377049180327,0.8801431127012522
Refined_Cane_Sugar,1.277049180327869,0.8810375670840788
Refined_Cane_Sugar,1.298360655737705,0.8694096601073346
Refined_Cane_Sugar,1.318032786885246,0.8470483005366727
Refined_Cane_Sugar,1.339344262295082,0.8363148479427549
Refined_Cane_Sugar,1.3540983606557377,0.8407871198568874
Refined_Cane_Sugar,1.3737704918032787,0.8273703041144902
Refined_Cane_Sugar,1.3983606557377048,0.8193202146690519
Refined_Cane_Sugar,1.4163934426229507,0.813953488372093
Refined_Cane_Sugar,1.439344262295082,0.8050089445438282
Refined_Cane_Sugar,1.459016393442623,0.813953488372093
Refined_Cane_Sugar,1.4885245901639343,0.9973166368515206
Refined_Cane_Sugar,1.501639344262295,0.8738819320214669
Refined_Cane_Sugar,1.5245901639344261,0.8255813953488371
Refined_Cane_Sugar,1.5508196721311476,0.8166368515205725
Refined_Cane_Sugar,1.5688524590163935,0.8059033989266547
Refined_Cane_Sugar,1.598360655737705,0.7924865831842576
Paraxylene,1.0,1.0
Paraxylene,1.368421052631579,0.84375
Paraxylene,1.9298245614035088,0.84375
Paraxylene,2.6666666666666665,0.78125
Paraxylene,3.6842105263157894,0.6875
Paraxylene,4.385964912280702,0.525
Paraxylene,5.43859649122807,0.5125
Paraxylene,6.491228070175438,0.5125
Paraxylene,8.140350877192983,0.43750000000000006
Paraxylene,9.824561403508772,0.43750000000000006
Paraxylene,11.929824561403509,0.35625
Ammonia,1.0,1.0
Ammonia,1.1090489339550043,1.0335489138818448
Ammonia,1.2269023584265086,1.006828259040448
Ammonia,1.3584038748811733,0.9899945782305768
Ammonia,1.5098909057987415,0.9811075197357502
Ammonia,1.6826762029785887,0.9605394631780458
Ammonia,1.8834140600244444,0.8779684243453088
Ammonia,2.1238287085238334,0.7658061194759843
Ammonia,2.3924901543615045,0.5807536186538057
Ammonia,2.666810013127518,0.45460539997264154
Ammonia,2.9558191118555066,0.4381598672016305
Ammonia,3.268706713141098,0.42887604099731425
Ammonia,3.597754741750034,0.4296154591875302
SCGT,1.0,1.0
SCGT,1.9726027397260273,0.72265625
SCGT,5.9373776908023475,0.5014880952380952
SCGT,11.536203522504891,0.4718191964285714
SCGT,18.702544031311156,0.45312499999999994
SCGT,21.75146771037182,0.44401041666666663
Automotive_(US),1.0,1.0
Automotive_(US),2.1963963963963966,0.7321150480941483
Automotive_(US),3.5720720720720722,0.6149418703053573
Automotive_(US),5.171171171171171,0.494318973322913
Automotive_(US),6.824324324324325,0.42197935532454767
Automotive_(US),8.554954954954955,0.37442189676307763
Automotive_(US),10.38018018018018,0.3337905097998764
Automotive_(US),12.268468468468468,0.3001823423234121
Automotive_(US),14.2,0.2717880176022172
Automotive_(US),16.156756756756756,0.25339307673197103
Automotive_(US),18.181081081081082,0.23495250242969865
Automotive_(US),20.24954954954955,0.22028517553166865
Automotive_(US),22.373873873873872,0.20794135801973376
Automotive_(US),24.556756756756755,0.19692956554962535
Automotive_(US),26.796396396396396,0.18815259116518104
Automotive_(US),29.104504504504504,0.17974975973654542
Automotive_(US),31.475675675675674,0.1713743102168857
Automotive_(US),33.9,0.16374997719677814
Automotive_(US),36.37477477477478,0.1566708948009791
Automotive_(US),38.894594594594594,0.15054983959123824
Automotive_(US),41.46756756756757,0.14388637601983953
Automotive_(US),44.07117117117117,0.13964289486377754
Automotive_(US),46.74234234234234,0.13354245326018926
VinylChloride,1.0,1.0
VinylChloride,1.1495497549298985,0.9334046536278215
VinylChloride,1.313119799384475,0.8513705912502813
VinylChloride,1.497207340704434,0.8121229982550859
VinylChloride,1.7251795280975721,0.7686051040547665
VinylChloride,2.0101447623389945,0.669120511781855
VinylChloride,2.286447053459478,0.5743570884456657
VinylChloride,2.6248717656445915,0.5382382100441061
VinylChloride,3.050723811694973,0.4653073971649207
VinylChloride,3.511227630229112,0.4684523728378553
VinylChloride,4.005471332497435,0.434514889683748
Photovoltaics,1.0,1.0
Photovoltaics,2.0,0.8
Photovoltaics,3.125,0.6
Photovoltaics,4.375,0.52
Photovoltaics,6.375,0.48
Photovoltaics,9.625,0.4
Photovoltaics,13.5,0.36
Photovoltaics,19.5,0.31
Photovoltaics,29.5,0.28
Photovoltaics,40.5,0.26
Photovoltaics,53.5,0.2
Photovoltaics,67.5,0.16
Photovoltaics,82.0,0.15
Photovoltaics,99.0,0.17
Photovoltaics,119.0,0.19
Photovoltaics,142.5,0.18
Photovoltaics,170.0,0.17
Photovoltaics,200.0,0.17
Photovoltaics,230.0,0.16
Photovoltaics,265.0,0.15
Photovoltaics,305.0,0.16
Photovoltaics,349.5,0.166
Photovoltaics,412.5,0.16
Photovoltaics,489.0,0.14
Photovoltaics,589.5,0.14
Photovoltaics,734.5,0.14
Photovoltaics,930.0,0.13
Photovoltaics,1192.5,0.12
TitaniumDioxide,1.0,1.0
TitaniumDioxide,1.0706291495415745,0.9799595124391918
TitaniumDioxide,1.1435599114764465,0.9424013220700924
TitaniumDioxide,1.218741700916851,0.9213284390639652
TitaniumDioxide,1.2932785330382548,0.912476138350563
TitaniumDioxide,1.3721530192854883,0.8944158188168326
TitaniumDioxide,1.4561618716408473,0.8343574817898729
TitaniumDioxide,1.5390452102434398,0.7251450795054353
TitaniumDioxide,1.6247613025608598,0.7432913559407688
Motor_Gasoline,1.0,1.0
Motor_Gasoline,1.0864197530864197,1.1327433628318584
Motor_Gasoline,1.1810699588477367,1.1592920353982301
Motor_Gasoline,1.279835390946502,1.1858407079646018
Motor_Gasoline,1.3847736625514404,1.168141592920354
Motor_Gasoline,1.5020576131687242,1.1415929203539823
Motor_Gasoline,1.6244855967078187,1.1858407079646018
Motor_Gasoline,1.7572016460905346,1.1327433628318584
Motor_Gasoline,1.889917695473251,1.1150442477876106
Motor_Gasoline,2.0360082304526745,1.0884955752212389
Motor_Gasoline,2.1882716049382713,1.0973451327433628
Motor_Gasoline,2.340534979423868,1.0265486725663717
Motor_Gasoline,2.4938271604938267,1.008849557522124
Motor_Gasoline,2.6532921810699586,1.0
Motor_Gasoline,2.816872427983539,0.9911504424778761
Motor_Gasoline,2.9814814814814814,0.9646017699115044
Motor_Gasoline,3.1522633744855963,0.9380530973451326
Motor_Gasoline,3.3281893004115224,0.9203539823008848
Motor_Gasoline,3.5113168724279835,0.9203539823008848
Motor_Gasoline,3.698559670781893,0.8938053097345133
Motor_Gasoline,3.8950617283950613,0.8849557522123894
Motor_Gasoline,4.098765432098766,0.831858407079646
Solar_Water_Heaters,1.0,1.0
Solar_Water_Heaters,18.080000000000002,1.1777229532686817
Solar_Water_Heaters,56.58,1.23281703724308
Solar_Water_Heaters,167.96,1.7167223121110677
Solar_Water_Heaters,267.71999999999997,1.7674735458623405
Solar_Water_Heaters,384.86,1.907659566088125
Solar_Water_Heaters,535.4,1.8872816540559518
Solar_Water_Heaters,1300.2342857142855,1.8022044301041371
Solar_Water_Heaters,2864.52,1.5734609419809766
Solar_Water_Heaters,9011.505714285715,1.4305644131180668
Wind_Turbine_(Denmark),1.0,1.0
Wind_Turbine_(Denmark),1.5,1.0339503386004514
Wind_Turbine_(Denmark),4.0,0.9761625282167042
Wind_Turbine_(Denmark),15.6,0.920902934537246
Wind_Turbine_(Denmark),39.9,0.8646501128668171
Wind_Turbine_(Denmark),61.1,0.7661399548532731
Wind_Turbine_(Denmark),69.9,0.6972460496613996
Wind_Turbine_(Denmark),80.1,0.6874943566591422
Wind_Turbine_(Denmark),93.7,0.7158465011286682
Wind_Turbine_(Denmark),109.9,0.7360722347629797
Wind_Turbine_(Denmark),126.5,0.6732279909706547
Wind_Turbine_(Denmark),143.1,0.6350338600451467
Wind_Turbine_(Denmark),164.1,0.5999097065462754
Wind_Turbine_(Denmark),202.7,0.5507900677200903
Wind_Turbine_(Denmark),260.1,0.5368848758465011
Wind_Turbine_(Denmark),332.7,0.5454627539503386
Wind_Turbine_(Denmark),429.5,0.5379683972911964
Wind_Turbine_(Denmark),551.1,0.5148532731376975
Wind_Turbine_(Denmark),771.0,0.5023024830699774
Sorbitol,1.0,1.0
Sorbitol,1.0622317596566524,0.8833258940664473
Sorbitol,1.1258941344778255,0.865298835022179
Sorbitol,1.1952789699570816,0.8391928099805022
Sorbitol,1.2711015736766809,0.833365805262021
Sorbitol,1.3533619456366237,0.8026631659456821
Sorbitol,1.4427753934191703,0.7802975915975303
Sorbitol,1.5371959942775393,0.800582518857979
Styrene,1.0,1.0
Styrene,1.1342173669836466,0.9605009383905623
Styrene,1.3065600561569763,0.939307005365951
Styrene,1.497910565627982,0.8775496488135153
Styrene,1.6911256622026258,0.8264863811862248
Styrene,1.9041492547135668,0.7637413555685637
Styrene,2.1404472815416846,0.6699908670414375
Styrene,2.422482533206103,0.6232752869335451
Styrene,2.7366435238502627,0.6416380838415058
Styrene,3.0866813640003072,0.6038839222082432
Styrene,3.446228598378906,0.5184139662641071
Styrene,3.8518201660579336,0.4818837948984759
Styrene,4.361609248352035,0.47116305769538375
Styrene,4.837111864258059,0.41690186307471466
Styrene,5.350597216281137,0.38516332179616997
Aluminum,1.0,1.0
Aluminum,1.1103450995340403,1.014789988208467
Aluminum,1.2186528565513708,0.9968595476698732
Aluminum,1.321571514008373,0.9865720393991055
Aluminum,1.4499898132874165,0.9447852758795529
Aluminum,1.5823513561471882,0.9251221293720994
Aluminum,1.7074836191089586,0.8695740775031218
Aluminum,1.846680117508659,0.8222082469813892
Aluminum,1.9986921575457253,0.8644432910717016
Aluminum,2.166477171905704,0.8834453590655914
Aluminum,2.347472052261122,0.8641638135043369
Aluminum,2.5425311680544693,0.8636255516049772
Aluminum,2.757372222477803,0.8752356039613791
Aluminum,2.9712931867323,0.9109749739026869
Aluminum,3.220571901760658,0.9224034126498566
Aluminum,3.4818775097102375,0.8859969322666866
Aluminum,3.739831360616198,0.7832163856670069
CCGT_Power,1.0,1.0
CCGT_Power,1.0947016831488636,0.8932038834951457
CCGT_Power,1.3560154561529898,1.116504854368932
CCGT_Power,1.7407164843801166,1.1636893203883494
CCGT_Power,1.9168249394197394,0.9986407766990291
CCGT_Power,2.166546597681577,1.2267961165048542
CCGT_Power,2.4448883358438667,1.0128155339805827
CCGT_Power,2.8785120178138714,1.2458252427184466
CCGT_Power,3.1961490601873077,1.1792233009708737
CCGT_Power,3.994171196542013,1.035728155339806
CCGT_Power,4.960835680136224,0.8745631067961165
CCGT_Power,5.902613137730041,0.9075728155339805
CCGT_Power,6.8849957430087105,0.8400000000000001
BisphenolA,1.0,1.0
BisphenolA,1.1881443298969072,0.9898118597347451
BisphenolA,1.4050687285223369,0.9877918353483139
BisphenolA,1.60180412371134,0.9312578021704759
BisphenolA,1.8685567010309276,0.9028263549575469
BisphenolA,2.179553264604811,0.7928140497393691
BisphenolA,2.57860824742268,0.7532189413266334
BisphenolA,2.9961340206185567,0.7185735559650751
BisphenolA,3.5390893470790377,0.7145609312489597
BisphenolA,4.0992268041237105,0.6493964345890636
BisphenolA,4.716494845360825,0.6295773929683596
BisphenolA,5.498711340206185,0.5399789918300707
BisphenolA,6.3672680412371125,0.4889542202922879
BisphenolA,7.169243986254295,0.4631022653612263
EthyleneGlycol,1.0,1.0
EthyleneGlycol,1.118270747294624,1.0564908004134583
EthyleneGlycol,1.2261484743228583,0.9121261646418801
EthyleneGlycol,1.356872612568261,0.8834054735192586
EthyleneGlycol,1.5081731076042266,0.8968073794621132
EthyleneGlycol,1.6736044635287037,0.8418499177424883
EthyleneGlycol,1.8375133331509996,0.7716834661605811
EthyleneGlycol,2.027249769803718,0.6991701476726839
EthyleneGlycol,2.2085623900299938,0.6147786220454537
EthyleneGlycol,2.3947980198561387,0.5755339809135154
EthyleneGlycol,2.629178860232111,0.5711883919090736
EthyleneGlycol,2.9060981502247265,0.5245648308731773
EthyleneGlycol,3.185980362661707,0.4777723889843085
Methanol,1.0,1.0
Methanol,1.0930175979239316,0.8897369921611084
Methanol,1.1799935122861083,0.9127010476623163
Methanol,1.287567918254805,0.8820067867720921
Methanol,1.4077933663125457,0.8706711994770763
Methanol,1.5325602140945584,0.834104278969448
Methanol,1.6688427540345472,0.841707111254954
Methanol,1.8115724596545293,0.7008769434302939
Methanol,1.9725083123834242,0.7652512130453222
Methanol,2.14796042494526,0.7751728398282496
Methanol,2.347863109236883,0.7288484654677785
Methanol,2.5577812018489987,0.6107798056586304
Methanol,2.791257805530776,0.6052400953241376
Methanol,3.048495661341335,0.6215609220419687
Methanol,3.350093260887195,0.40793761872034545
Methanol,3.652826210364123,0.2911865873152973
CCGT_Electricity,1.0,1.0
CCGT_Electricity,1.242914979757085,0.9462616822429906
CCGT_Electricity,1.7408906882591093,0.9415887850467289
CCGT_Electricity,2.299595141700405,0.9532710280373832
CCGT_Electricity,2.659919028340081,0.9135514018691588
CCGT_Electricity,3.0890688259109313,0.9742990654205607
CCGT_Electricity,3.603238866396761,0.9158878504672896
CCGT_Electricity,4.145748987854251,0.9556074766355139
CCGT_Electricity,4.82995951417004,0.9322429906542056
CCGT_Electricity,5.728744939271255,0.8831775700934579
CCGT_Electricity,6.959514170040486,0.8271028037383177
CCGT_Electricity,8.518218623481781,0.8200934579439252
CCGT_Electricity,10.445344129554655,0.7967289719626168
Corn_(US),1.0,1.0
Corn_(US),1.8602844568582952,0.9808362369337978
Corn_(US),2.6884067292055236,0.8667247386759581
Corn_(US),3.727211753139959,0.7944250871080138
Corn_(US),4.996021646652395,0.9660278745644599
Corn_(US),6.279867510726854,0.7970383275261324
Corn_(US),7.474689219856852,0.7656794425087107
Corn_(US),8.593067742261505,1.1062717770034842
Corn_(US),9.754506197227096,0.823170731707317
Corn_(US),11.0083683238545,0.7430313588850174
Corn_(US),12.166838633210523,0.735191637630662
Corn_(US),12.934158252097134,0.7334494773519163
Corn_(US),13.791218221409606,1.0470383275261324
Corn_(US),14.789041611922196,0.757263443815331
Corn_(US),15.962180835913598,0.7412891986062717
Corn_(US),17.144316834958058,0.7891986062717771
Corn_(US),18.315669934490394,0.6506968641114982
Corn_(US),19.575930502852838,0.8789198606271776
Corn_(US),20.619001001479248,0.6085086547909407
Corn_(US),21.980280046674448,0.7520982035714285
Corn_(US),23.45943549646726,0.6703194608885017
Corn_(US),25.15886768529663,0.6700616456445992
Corn_(US),26.681162083444352,0.6405001024390243
Corn_(US),27.888817427576512,0.6452445476480836
Corn_(US),28.94863973391891,0.6312174923344948
Corn_(US),30.081827286174992,0.6049167634146342
Corn_(US),31.308042154007296,0.6500598054878048
Corn_(US),32.74511893714569,0.5846175432055749
Corn_(US),34.21343452255166,0.5154320351045296
Corn_(US),35.87804922867722,0.5846175432055749
Corn_(US),37.074449416110035,0.6312174923344948
Corn_(US),38.69091961521146,0.6091469506097561
Corn_(US),40.845202546881175,0.6049167634146342
PolyethyleneHD,1.0,1.0
PolyethyleneHD,1.0946308724832214,0.9896800823752883
PolyethyleneHD,1.2495302013422818,0.9698509254135635
PolyethyleneHD,1.5508724832214766,0.9439823547044096
PolyethyleneHD,1.935704697986577,0.9152181788263054
PolyethyleneHD,2.5044295302013424,0.6965814035885657
PolyethyleneHD,3.196912751677852,0.6172237004727114
PolyethyleneHD,4.080536912751678,0.5440183956881102
PolyethyleneHD,5.133422818791947,0.5062105831640541
PolyethyleneHD,6.355302013422818,0.4769105971157962
PolyethyleneHD,7.807919463087248,0.43340763691435547
PolyethyleneHD,9.500939597315435,0.41683539830544697
PolyethyleneHD,11.661476510067112,0.3628976975410365
PolyethyleneHD,13.815167785234898,0.298532320037559
PolyethyleneHD,16.351812080536913,0.2847483672476023
Hard_Disk_Drive,1.0,1.0
Hard_Disk_Drive,2.3762924459008983,0.7102360514868644
Hard_Disk_Drive,4.482117633764619,0.5228829561060594
Hard_Disk_Drive,7.1437369342900725,0.29336271894170896
Hard_Disk_Drive,11.765692977004349,0.13977061462809912
Hard_Disk_Drive,20.15910503418272,0.06600110386389359
Hard_Disk_Drive,38.76637098141138,0.030266643799004154
Hard_Disk_Drive,84.34928527035424,0.016145132125898624
Hard_Disk_Drive,175.10209616362505,0.008309441779186976
Hard_Disk_Drive,366.1080287021865,0.0029939142641947263
Hard_Disk_Drive,818.1109667212837,0.0013814591367474038
Hard_Disk_Drive,1665.6164755070909,0.0007416254556899376
Hard_Disk_Drive,3078.125656816769,0.0005216388422288571
Hard_Disk_Drive,4490.634838126447,0.00014142314154237995
Hard_Disk_Drive,9575.66789084129,0.00014670280053845914
Hard_Disk_Drive,15790.708288603875,8.181252157914718e-05
Hard_Disk_Drive,27090.781739081303,5.196267643050089e-05
Hard_Disk_Drive,49690.92864003615,2.5603835423581058e-05
Hard_Disk_Drive,97716.24080456523,2.295474021964934e-05
Low_Density_Polyethylene,1.0,1.0
Low_Density_Polyethylene,1.509433962264151,0.9196787148594378
Low_Density_Polyethylene,2.30188679245283,0.8634538152610441
Low_Density_Polyethylene,3.818867924528302,0.7751004016064257
Low_Density_Polyethylene,5.9547169811320755,0.6606425702811245
Low_Density_Polyethylene,8.626415094339622,0.642570281124498
Low_Density_Polyethylene,11.60754716981132,0.6325301204819277
Low_Density_Polyethylene,15.683018867924527,0.5421686746987953
Low_Density_Polyethylene,19.871698113207547,0.44176706827309237
Low_Density_Polyethylene,24.852830188679246,0.3995983935742972
Low_Density_Polyethylene,30.852830188679246,0.3373493975903615
Low_Density_Polyethylene,37.4566037735849,0.3132530120481928
Low_Density_Polyethylene,44.85283018867924,0.3072289156626506
Low_Density_Polyethylene,53.3811320754717,0.2991967871485944
Low_Density_Polyethylene,63.26792452830189,0.25702811244979923
Low_Density_Polyethylene,73.68301886792453,0.21485943775100402
Urea,1.0,1.0
Urea,1.1834402566158782,1.0140293225813692
Urea,1.3897353648757016,1.0049359347005526
Urea,1.611467522052927,0.9961032402600178
Urea,1.8608660785886126,0.9331524655174187
Urea,2.1405372894947874,0.940583191366483
Urea,2.4957898957497995,0.8058267473198739
Urea,2.9328388131515637,0.6766128456726129
Urea,3.4212109061748195,0.5408395630113209
Urea,4.017842822774659,0.5933948884318043
Urea,4.669406575781877,0.5564769610321552
Urea,5.307137129109863,0.5038714414787061
Sodium,1.0,1.0
Sodium,1.0410417823859779,0.9942150669505319
Sodium,1.0750786891316424,0.9869226808599658
Sodium,1.1096401900882553,0.9584331371232289
Sodium,1.1447571437388138,0.9526622766539473
Sodium,1.1784237486885145,0.9729543707449452
Sodium,1.2151762019379129,0.9700697115199803
Sodium,1.2539344565821144,0.9740024366079886
Sodium,1.296920323396902,0.9197985198090098
Sodium,1.3437017836203171,0.8757583131078553
Sodium,1.3945874220823304,0.8578856945434297
Sodium,1.4453496266123558,0.8547847781763147
Sodium,1.493612294019626,0.8599297030245637
Sodium,1.5444362155156452,0.8291019356999982
Sodium,1.597265938406468,0.8035505554061234
Sodium,1.644510275874838,0.81790109881636
Ethanolamine,1.0,1.0
Ethanolamine,1.1815012781780152,0.9635679563793128
Ethanolamine,1.3985591447827095,0.9135217742280791
Ethanolamine,1.6163141993957704,0.8866669937511573
Ethanolamine,1.8426679061120148,0.8414389571462654
Ethanolamine,2.1326981175923776,0.8188143953522
Ethanolamine,2.4257494771089934,0.7874415686425621
Ethanolamine,2.730653032767836,0.7962327464711405
Ethanolamine,3.0455496165465954,0.7589147355959279
Ethanolamine,3.384382988612596,0.7140374393980341
Ethanolamine,3.788519637462236,0.6783751451228621
Ethanolamine,4.255170811062049,0.6193239400193622
Ethanolamine,4.738089704857076,0.5690653411243289
Ethanolamine,5.265163839181966,0.4899740622154049
Ethanolamine,5.785498489425982,0.4367561208864262
Ethanolamine,6.378340692540088,0.3844602970513955
Ethanolamine,6.9925633279107595,0.36929426124482323
Ethanolamine,7.594933767139205,0.36734015912445284
SodiumChlorate,1.0,1.0
SodiumChlorate,1.1087202718006794,0.9837596425679173
SodiumChlorate,1.2515774146578222,0.9669252677038782
SodiumChlorate,1.3997734994337485,0.9727174424839409
SodiumChlorate,1.566736773984792,0.9621628302671515
SodiumChlorate,1.7476136547484227,0.9487412040138902
SodiumChlorate,1.9487138003559294,0.9468552027213146
SodiumChlorate,2.1692282802135576,0.8677673487093008
SodiumChlorate,2.3865070376961652,0.7773954136452897
SodiumChlorate,2.6359812328102246,0.7029334502688751
SodiumChlorate,2.887558647468047,0.6709568664024058
SodiumChlorate,3.15838861025724,0.6756636528033599
SodiumChlorate,3.461252224559133,0.6566415130305717
SodiumChlorate,3.7811033813298818,0.6320090218804857
SodiumChlorate,4.097880601844362,0.6273668836235943
Primary_Magnesium,1.0,1.0
Primary_Magnesium,1.2126811594202898,0.6878850102669405
Primary_Magnesium,1.393840579710145,0.7659137577002053
Primary_Magnesium,1.575,0.7833675564681725
Primary_Magnesium,1.9373188405797102,0.7299794661190965
Primary_Magnesium,2.6619565217391306,0.7227926078028747
Primary_Magnesium,3.3865942028985505,0.7207392197125256
Primary_Magnesium,4.111231884057971,0.6919917864476387
Primary_Magnesium,4.933695652173913,0.7012320328542095
Primary_Magnesium,5.806884057971015,0.6416837782340863
Primary_Magnesium,7.736231884057971,0.6314168377823409
Primary_Magnesium,10.004710144927536,0.48973305954825463
Primary_Magnesium,15.908695652173913,0.4353182751540041
Primary_Magnesium,33.64891304347826,0.3706365503080082
Primary_Magnesium,100.16485507246377,0.36139630390143734
Primary_Magnesium,157.08514492753622,0.35215605749486656
Primary_Magnesium,168.97608695652173,0.31519507186858314
Primary_Magnesium,170.8927536231884,0.282340862422998
Primary_Magnesium,175.36521739130436,0.26488706365503084
Primary_Magnesium,178.98949275362318,0.26591375770020537
Primary_Magnesium,183.19166666666666,0.2813141683778234
Primary_Magnesium,188.8894927536232,0.29363449691991783
Primary_Magnesium,203.7177536231884,0.2874743326488707
Primary_Magnesium,242.04239130434783,0.30903490759753593
Primary_Magnesium,275.76521739130436,0.30903490759753593
Primary_Magnesium,301.02934782608696,0.33264887063655035
Primary_Magnesium,323.1797101449275,0.3706365503080082
Primary_Magnesium,347.9463768115942,0.37166324435318276
Primary_Magnesium,377.3858695652174,0.36139630390143734
Primary_Magnesium,388.29021739130434,0.35626283367556466
Primary_Magnesium,399.5340579710145,0.3501026694045175
Primary_Magnesium,414.0521739130435,0.34599589322381935
Primary_Magnesium,428.8148550724638,0.3418891170431212
Primary_Magnesium,453.79855072463766,0.33778234086242304
Primary_Magnesium,481.2786231884058,0.3316221765913758
Primary_Magnesium,510.0786231884058,0.3264887063655031
Primary_Magnesium,539.5572463768116,0.31724845995893225
Primary_Magnesium,568.4681159420289,0.3141683778234086
Primary_Magnesium,603.6231884057971,0.30390143737166325
NeopreneRubber,1.0,1.0
NeopreneRubber,1.1308732125005434,0.997959183734288
NeopreneRubber,1.2462294084409093,1.001023541345389
NeopreneRubber,1.371712956926153,1.001023541345389
NeopreneRubber,1.4971965054113967,1.0041067762605764
NeopreneRubber,1.634850262963446,0.9918864097663019
NeopreneRubber,1.7711566045116705,0.9481887682845175
NeopreneRubber,1.910375103229452,0.9068185875410065
NeopreneRubber,2.053505454861564,0.8972272372826652
NeopreneRubber,2.2015038901203985,0.8794687339388664
NeopreneRubber,2.353370713261181,0.8436856480546953
NeopreneRubber,2.5098448298343983,0.8023356206037336
NeopreneRubber,2.666318946407615,0.7815044612877818
Electric_Range,1.0,1.0
Electric_Range,1.2653061224489794,0.9800664451827242
Electric_Range,1.5714285714285714,0.9568106312292359
Electric_Range,1.7551020408163263,0.9302325581395349
Electric_Range,2.122448979591837,0.9568106312292359
Electric_Range,2.387755102040816,0.9368770764119602
Electric_Range,2.63265306122449,0.946843853820598
Electric_Range,2.9183673469387754,0.946843853820598
Electric_Range,3.10204081632653,0.9368770764119602
Electric_Range,3.408163265306122,0.9003322259136213
Electric_Range,3.6122448979591835,0.8538205980066446
Electric_Range,3.714285714285714,0.8604651162790697
Electric_Range,3.9387755102040813,0.8305647840531561
Electric_Range,4.081632653061225,0.813953488372093
Electric_Range,4.285714285714286,0.7973421926910299
Electric_Range,4.489795918367347,0.7641196013289037
Electric_Range,4.673469387755102,0.7541528239202658
Electric_Range,4.857142857142857,0.6644518272425249
Electric_Range,5.1020408163265305,0.6644518272425249
Electric_Range,5.346938775510203,0.654485049833887
Electric_Range,5.653061224489796,0.6312292358803987
Ethylene,1.0,1.0
Ethylene,1.5897435897435899,1.0
Ethylene,2.358974358974359,0.9807692307692307
Ethylene,3.2820512820512824,0.9230769230769231
Ethylene,4.282051282051282,0.9038461538461539
Ethylene,5.333333333333334,0.8846153846153847
Ethylene,6.6410256410256405,0.8653846153846154
Ethylene,7.982051282051282,0.8653846153846154
Ethylene,9.487179487179487,0.9038461538461539
Ethylene,11.102564102564102,0.9038461538461539
Ethylene,13.025641025641026,0.8269230769230769
Ethylene,15.23076923076923,0.6923076923076923
Ethylene,17.641025641025642,0.6923076923076923
Ethylene,20.512820512820515,0.653846153846154
Ethylene,23.538461538461537,0.5
Nuclear_Power_(OECD),1.0,1.0
Nuclear_Power_(OECD),1.1411451398135821,0.96875
Nuclear_Power_(OECD),1.3435419440745675,0.96875
Nuclear_Power_(OECD),1.5472703062583224,0.96875
Nuclear_Power_(OECD),1.681757656458056,0.96875
Nuclear_Power_(OECD),1.873501997336884,0.9375
Nuclear_Power_(OECD),2.1424766977363516,0.9375
Nuclear_Power_(OECD),2.2956058588548602,0.9375
Nuclear_Power_(OECD),2.544607190412783,0.9375
Nuclear_Power_(OECD),2.7922769640479363,0.9062499999999999
Nuclear_Power_(OECD),3.3608521970705727,0.9062499999999999
Nuclear_Power_(OECD),3.648468708388815,0.9062499999999999
Nuclear_Power_(OECD),3.9773635153129163,0.9062499999999999
Nuclear_Power_(OECD),4.121171770972038,0.9062499999999999
Nuclear_Power_(OECD),4.290279627163782,0.8749999999999999
Nuclear_Power_(OECD),4.3981358189081226,0.8749999999999999
Nuclear_Power_(OECD),4.410119840213049,0.8719814053124999
Nuclear_Power_(OECD),4.426098535286285,0.8649300946875
AcrylicFiber,1.0,1.0
AcrylicFiber,1.2455219829925817,0.9056989271610482
AcrylicFiber,1.4990048851094626,0.8081705964423772
AcrylicFiber,1.8065858512755562,0.8081705964423772
AcrylicFiber,2.1859960195404375,0.756610177933302
AcrylicFiber,2.706531572281527,0.686498173370825
AcrylicFiber,3.3730776189614615,0.5967746451676198
AcrylicFiber,4.011579518726252,0.5478016672096333
AcrylicFiber,4.731138049574814,0.43366826971510053
AcrylicFiber,5.673783245883842,0.3896699496905208
AcrylicFiber,6.638140039804595,0.3738153857416048
AcrylicFiber,7.528134611905193,0.34258235444878404
AcrylicFiber,8.514564863397863,0.30223042998321437
Formaldehyde,1.0,1.0
Formaldehyde,1.103797676552572,0.952065594428033
Formaldehyde,1.2136160598348311,0.828782659950369
Formaldehyde,1.3365362973735695,0.7936977029188552
Formaldehyde,1.4710001904465106,0.8249747838102426
Formaldehyde,1.6316937620111152,0.7811906307952866
Formaldehyde,1.7921492754375943,0.7287861143894417
Formaldehyde,1.978466559324088,0.6705124878517821
Formaldehyde,2.168817846569366,0.6630101113223902
Formaldehyde,2.360428677781818,0.5883925503390754
Formaldehyde,2.556138437299815,0.4982832272156408
Wheat_(US),1.0,1.0
Wheat_(US),2.2411764705882353,0.9767441859234418
Wheat_(US),3.6882352941176473,0.919708029140978
Wheat_(US),5.394117647058824,1.041322313995438
Wheat_(US),6.8882352941176475,1.0327868851219673
Wheat_(US),8.488235294117647,1.0677966100797964
Wheat_(US),10.08235294117647,0.9767441859234418
Wheat_(US),11.976470588235294,0.9692307691319076
Wheat_(US),14.070588235294117,1.1351351350636216
Wheat_(US),15.91764705882353,1.1559633027303302
Wheat_(US),17.735294117647058,0.8936170212765957
Wheat_(US),20.064705882352943,0.9333333332241333
Wheat_(US),22.705882352941178,0.9692307691319076
Wheat_(US),25.405882352941177,0.954545454516818
Wheat_(US),28.358823529411765,1.1454545453949818
Wheat_(US),30.74705882352941,0.8344370860042648
Wheat_(US),33.99411764705882,1.0243902438624877
Wheat_(US),36.576470588235296,0.8513513513292161
Wheat_(US),39.93529411764706,1.1052631578814736
Wheat_(US),42.28823529411765,0.8936170212765957
Wheat_(US),45.311764705882354,0.9473684209332631
Wheat_(US),48.2,1.041322313995438
Wheat_(US),50.694117647058825,0.8999999999622
Wheat_(US),53.65882352941176,1.0327868851219673
Wheat_(US),56.3,0.7636363636386545
Wheat_(US),60.28823529411765,0.887323943590986
Wheat_(US),63.88823529411765,1.016129032191
Wheat_(US),66.86470588235294,0.9333333332241333
Wheat_(US),70.05294117647058,0.9064748200477984
Wheat_(US),73.24117647058823,0.9843749999389687
Wheat_(US),76.31764705882352,0.8999999999622
Wheat_(US),79.88235294117646,0.8289473683166052
Wheat_(US),84.4,1.007999999937504
Wheat_(US),88.25294117647059,1.0327868851219673
Wheat_(US),91.7764705882353,0.8399999999899199
Wheat_(US),96.26470588235294,0.8456375838435705
Wheat_(US),100.30588235294118,0.919708029140978
Wheat_(US),104.20588235294117,0.9767441859234418
Wheat_(US),107.47647058823529,0.8289473683166052
Wheat_(US),111.62941176470588,0.7874999999511749
Wheat_(US),115.98823529411764,0.887323943590986
Wheat_(US),119.68823529411765,0.8811188810633707
Wheat_(US),123.47058823529412,0.8129032257276
Wheat_(US),127.49411764705883,0.919708029140978
Wheat_(US),131.1705882352941,1.016129032191
Wheat_(US),134.80588235294118,0.8344370860042648
Wheat_(US),139.1,0.87499999988975
Wheat_(US),143.51764705882354,0.7826086955754782
Wheat_(US),148.7941176470588,0.7544910179052216
Wheat_(US),154.72941176470587,1.0588235294043529
Wheat_(US),158.46470588235294,0.954545454516818
Wheat_(US),162.11176470588236,0.8513513513292161
Wheat_(US),167.4294117647059,0.9767441859234418
Wheat_(US),173.02941176470588,0.9333333332241333
Wheat_(US),177.98823529411766,0.992125984186488
Wheat_(US),182.80588235294118,0.9130434782553912
Wheat_(US),187.78823529411764,0.9473684209332631
Wheat_(US),192.25294117647059,0.7874999999511749
Wheat_(US),197.2058823529412,0.9843749999389687
Wheat_(US),201.14117647058825,0.857142857034857
Wheat_(US),206.03529411764706,0.857142857034857
Wheat_(US),211.18235294117648,0.8181818181932727
Wheat_(US),216.55882352941177,0.9692307691319076
Wheat_(US),221.40588235294118,0.887323943590986
Wheat_(US),226.6235294117647,0.7730061349020736
Wheat_(US),232.16470588235293,0.9618320609763663
Wheat_(US),236.61176470588236,1.12499999998425
Wheat_(US),239.85882352941175,1.041322313995438
Wheat_(US),242.95294117647057,1.0327868851219673
Wheat_(US),246.64705882352942,0.9843749999389687
Wheat_(US),250.35294117647058,0.9264705881185588
Wheat_(US),255.49411764705883,0.9473684209332631
Wheat_(US),260.90588235294115,0.8936170212765957
Wheat_(US),265.2647058823529,0.8235294116609411
Wheat_(US),270.05882352941177,0.7499999999054999
Wheat_(US),275.6,0.6461538460879384
Wheat_(US),281.3,0.7682926829283658
Wheat_(US),286.2647058823529,0.7118644067198644
Wheat_(US),292.5,0.741176470520047
Wheat_(US),299.0176470588235,0.7325581394425813
Wheat_(US),305.79411764705884,0.6923076923270769
Wheat_(US),313.78823529411767,0.7039106145103575
Wheat_(US),321.40588235294115,0.868965517170124
Wheat_(US),327.86470588235295,0.7636363636386545
Wheat_(US),333.8588235294118,0.7874999999511749
Wheat_(US),339.67058823529413,0.6847826086915434
Wheat_(US),347.3529411764706,0.7283236994008438
Wheat_(US),354.2529411764706,0.6961325965848397
Wheat_(US),360.04117647058825,0.6363636363865454
Wheat_(US),365.5529411764706,0.6237623762613267
Wheat_(US),371.4647058823529,0.5779816513021652
Wheat_(US),377.0882352941176,0.45818181810759273
Wheat_(US),385.6588235294118,0.5833333333438333
Wheat_(US),392.2352941176471,0.482758620720069
Wheat_(US),400.2041176470588,0.5271966526353138
Wheat_(US),407.45352941176475,0.503999999968752
Wheat_(US),413.87705882352947,0.49999999993699995
Wheat_(US),420.62294117647053,0.4883720929617209
Wheat_(US),428.1723529411765,0.47547169812652074
Wheat_(US),435.9111764705882,0.47908745246429657
Wheat_(US),443.58705882352945,0.47908745246429657
Wheat_(US),452.45529411764704,0.44366197185849293
Wheat_(US),461.61176470588236,0.41176470583047053
Wheat_(US),470.0982352941176,0.40645161292679993
Wheat_(US),478.0488235294118,0.37168141585895575
Wheat_(US),487.57,0.3853211009521101
Wheat_(US),496.6652941176471,0.39873417718727844
Wheat_(US),506.7288235294117,0.4615384615093846
Wheat_(US),517.2105882352942,0.41176470583047053
Wheat_(US),529.7219411764705,0.41584158413221783
Wheat_(US),542.3618235294117,0.4104234527145537
Wheat_(US),554.3943529411764,0.40127388535112096
Wheat_(US),564.8385882352941,0.3695014662970909
Wheat_(US),577.3918823529411,0.3761194029786806
Wheat_(US),591.3973529411765,0.36416184963742193
Wheat_(US),607.7818235294118,0.35492957738599434
Wheat_(US),624.0463529411765,0.31979695429617255
Wheat_(US),638.2805882352941,0.32474226806786594
Wheat_(US),653.544,0.336000000021168
Wheat_(US),667.8035294117648,0.36627906972129065
Wheat_(US),680.101,0.3342175066232785
Wheat_(US),692.4991764705883,0.3695014662970909
Wheat_(US),703.1591764705882,0.3853211009521101
Wheat_(US),715.1392941176471,0.31898734180022276
Wheat_(US),731.1968235294119,0.36734693874722446
Wheat_(US),742.844705882353,0.32061068699212214
Wheat_(US),757.3552941176471,0.32984293190154973
Wheat_(US),771.452,0.3351063829472234
Wheat_(US),785.1048235294118,0.35195530719217877
Wheat_(US),797.944294117647,0.34710743804047933
Wheat_(US),811.3407058823531,0.31898734180022276
Wheat_(US),825.9375882352942,0.29166666667191665
Wheat_(US),840.9218235294118,0.29508196723170493
Wheat_(US),854.4251176470588,0.2999999999874
Wheat_(US),867.5319411764706,0.31343283579456716
Wheat_(US),878.9875294117647,0.35999999995967996
Wheat_(US),888.4338823529413,0.28506787329632577
Wheat_(US),902.224588235294,0.29166666667191665
Wheat_(US),914.9115882352942,0.2999999999874
Wheat_(US),927.2841176470588,0.32642487042976165
Wheat_(US),937.9218823529412,0.31343283579456716
Wheat_(US),949.9871176470588,0.28062360797460134
Offshore_Gas_Pipeline,1.0,1.0
Offshore_Gas_Pipeline,4.262295081967213,3.4163124675703
Offshore_Gas_Pipeline,4.295081967213115,0.3245353474926991
Offshore_Gas_Pipeline,33.540983606557376,0.6900980820196756
Offshore_Gas_Pipeline,45.98360655737705,0.44983321189242303
Offshore_Gas_Pipeline,49.204918032786885,1.0024257024482923
Offshore_Gas_Pipeline,49.8360655737705,0.6911816394083403
Offshore_Gas_Pipeline,50.114754098360656,0.41473862139234974
Offshore_Gas_Pipeline,50.278688524590166,0.42158582264906136
Offshore_Gas_Pipeline,61.63934426229508,0.45341678162151305
Offshore_Gas_Pipeline,70.57377049180329,0.39716556391785013
Benzene,1.0,1.0
Benzene,1.0824384080859129,0.9870689655172413
Benzene,1.1614024005053696,0.877155172413793
Benzene,1.2523689197725836,0.8254310344827586
Benzene,1.3474415666456097,0.7737068965517241
Benzene,1.445356917245736,0.7112068965517241
Benzene,1.5309538850284272,0.6163793103448275
Benzene,1.6380290587492103,0.6465517241379309
Benzene,1.7820593809222995,0.6594827586206896
Benzene,1.9535691724573594,0.5
Benzene,2.1244472520530637,0.46336206896551724
Benzene,2.3291219204042957,0.4353448275862069
Benzene,2.560012634238787,0.46551724137931033
Benzene,2.8212255211623503,0.4547413793103448
Benzene,3.122867972204675,0.44181034482758613
Benzene,3.427037271004422,0.42887931034482757
Ethanol_(Brazil),1.0,1.0
Ethanol_(Brazil),2.0954773869346734,0.959079283887468
Ethanol_(Brazil),3.3260419745787764,0.8640847643405187
Ethanol_(Brazil),5.0472953000295595,0.8498355864084765
Ethanol_(Brazil),7.370972509606858,0.8860065765436609
Ethanol_(Brazil),10.105823233816139,0.6737303617099014
Ethanol_(Brazil),13.599763523499853,0.710266715381805
Ethanol_(Brazil),16.705291161690806,0.6174643770551698
Ethanol_(Brazil),20.091930239432457,0.5180854950675923
Ethanol_(Brazil),23.551581436594738,0.4709535988308367
Ethanol_(Brazil),27.06857818504286,0.47935696017537444
Ethanol_(Brazil),30.551581436594738,0.4968944099378882
Ethanol_(Brazil),34.321016848950634,0.4464742418706613
Ethanol_(Brazil),37.77564292048478,0.4457435147972232
Ethanol_(Brazil),41.11469110257168,0.40007307270734377
Ethanol_(Brazil),44.86639077741649,0.43405188162221414
Ethanol_(Brazil),48.611882944132425,0.37815126050420167
Ethanol_(Brazil),52.81939107301212,0.34563390573620756
Ethanol_(Brazil),57.37422406148389,0.18195104128607967
Ethanol_(Brazil),61.49127992905705,0.35111435878699304
Ethanol_(Brazil),65.35412355897132,0.41139934234563386
Ethanol_(Brazil),68.49187112030742,0.36755571793934966
Ethanol_(Brazil),71.89210759680756,0.38838143953233467
Ethanol_(Brazil),75.6278451078924,0.3069053708439898
IsopropylAlcohol,1.0,1.0
IsopropylAlcohol,1.0674860114600582,0.981802394860284
IsopropylAlcohol,1.1364976375408886,0.9273273669751825
IsopropylAlcohol,1.213420024140608,0.9305918349464578
IsopropylAlcohol,1.29598269773536,0.8917265698939312
IsopropylAlcohol,1.3807889222430125,0.8653803897345052
IsopropylAlcohol,1.4682874078461463,0.8072634117955771
IsopropylAlcohol,1.5543948918832817,0.7745565335500643
IsopropylAlcohol,1.629504489345377,0.7292983866551868
Wind_Power,1.0,1.0
Wind_Power,2.5,0.6251792658919086
Wind_Power,9.0,0.5683447871744625
Wind_Power,21.0,0.5569778914309732
Wind_Power,60.0,0.5662839626107061
Wind_Power,102.0,0.4433089339960807
Wind_Power,127.0,0.272805497843742
Wind_Power,145.0,0.2955392893307205
Wind_Power,158.0,0.38647445527863444
Wind_Power,173.0,0.4071577738064724
Wind_Power,193.0,0.3978413510221237
Wind_Power,217.0,0.34100687230467747
Wind_Power,229.0,0.3523737680481667
Wind_Power,299.0,0.34100687230467747
Wind_Power,314.5,0.25007170635676346
Wind_Power,478.0,0.2774712307108298
Wind_Power,1015.0,0.24076174156056246
Wind_Power,1845.0,0.19134769582895378
Polystyrene,1.0,1.0
Polystyrene,1.5238095238095237,0.9454545454545454
Polystyrene,2.619047619047619,0.8181818181818181
Polystyrene,6.095238095238095,0.7454545454545454
Polystyrene,10.952380952380953,0.6090909090909091
Polystyrene,17.61904761904762,0.7181818181818181
Polystyrene,26.666666666666668,0.7727272727272726
Polystyrene,38.095238095238095,0.7545454545454544
Polystyrene,50.0,0.7454545454545454
Polystyrene,61.904761904761905,0.7272727272727273
Polystyrene,73.80952380952381,0.7181818181818181
Polystyrene,84.52380952380952,0.6636363636363636
Polystyrene,98.80952380952381,0.6090909090909091
Polystyrene,116.66666666666667,0.5363636363636363
Polystyrene,130.95238095238096,0.5090909090909091
Polystyrene,141.66666666666666,0.4363636363636363
Polystyrene,164.28571428571428,0.44545454545454544
Polystyrene,177.38095238095238,0.36363636363636365
Polystyrene,195.23809523809524,0.35454545454545455
Polystyrene,216.66666666666666,0.3090909090909091
Polystyrene,245.23809523809524,0.2818181818181818
Polystyrene,271.42857142857144,0.2727272727272727
Polystyrene,309.5238095238095,0.2854545454545454
Polystyrene,347.6190476190476,0.2636363636363636
Polystyrene,390.4761904761905,0.23272727272727273
Phenol,1.0,1.0
Phenol,1.1093464370167876,0.9769928066975446
Phenol,1.2318915927348348,0.9887755098364792
Phenol,1.354537374008419,0.8333735511554345
Phenol,1.4842101732436648,0.6522916439949261
Phenol,1.6325825548828552,0.666858389668333
Phenol,1.810823955590588,0.63800000930502
Phenol,2.00761400036896,0.6247384694699543
Phenol,2.2238750901437268,0.5739911042926044
Phenol,2.4414275412145505,0.4744127835773436
Phenol,2.6868365002431784,0.49274032906503445
Phenol,2.961242390192363,0.4205400781317305
Phenol,3.2477233468059774,0.37699865966340024
Phenol,3.577624230633773,0.36284436378032237
Beer_(Japan),1.0,1.0
Beer_(Japan),1.2967741935483872,0.858189429618001
Beer_(Japan),1.696774193548387,0.8834379905808477
Beer_(Japan),2.1161290322580646,0.8689167974882261
Beer_(Japan),2.5494623655913977,0.8241758241758242
Beer_(Japan),3.035483870967742,0.7892464678178964
Beer_(Japan),3.629032258064516,0.7957875457875457
Beer_(Japan),4.291397849462365,0.7713239141810571
Beer_(Japan),5.09247311827957,0.7290685504971219
Beer_(Japan),6.080645161290323,0.6798796441653585
Beer_(Japan),7.406451612903226,0.6594714809000523
Beer_(Japan),9.001075268817205,0.6297749869178441
Beer_(Japan),10.81505376344086,0.6013867085295657
Beer_(Japan),12.958064516129033,0.6130298273155416
Beer_(Japan),15.101075268817205,0.5855572998430141
Beer_(Japan),17.383870967741935,0.5629251700680272
Beer_(Japan),19.976344086021506,0.564756671899529
Free_Standing_Gas_Range,1.0,1.0
Free_Standing_Gas_Range,1.0691642651296829,1.0240137221269299
Free_Standing_Gas_Range,1.1556195965417866,0.9837049742710121
Free_Standing_Gas_Range,1.2161383285302594,1.0051457975986278
Free_Standing_Gas_Range,1.302593659942363,1.0102915951972555
Free_Standing_Gas_Range,1.365994236311239,0.9648370497427101
Free_Standing_Gas_Range,1.4293948126801153,0.9931389365351629
Free_Standing_Gas_Range,1.4841498559077808,0.9013722126929674
Free_Standing_Gas_Range,1.5446685878962536,0.9090909090909092
Free_Standing_Gas_Range,1.610951008645533,0.8679245283018868
Free_Standing_Gas_Range,1.668587896253602,0.8456260720411664
Free_Standing_Gas_Range,1.7204610951008645,0.8267581475128646
Free_Standing_Gas_Range,1.769452449567723,0.8319039451114923
Free_Standing_Gas_Range,1.8155619596541785,0.7924528301886793
Free_Standing_Gas_Range,1.8587896253602303,0.7821612349914238
Free_Standing_Gas_Range,1.899135446685879,0.7770154373927959
Free_Standing_Gas_Range,1.9481268011527375,0.7993138936535163
Free_Standing_Gas_Range,1.9971181556195963,0.7384219554030874
Free_Standing_Gas_Range,2.037463976945245,0.725557461406518
Free_Standing_Gas_Range,2.0835734870317,0.7221269296740995
Free_Standing_Gas_Range,2.1268011527377517,0.7126929674099485
